,Phone,Img_url,Price,Rating,connectivity,processor,Memory,Bettry,Display,Camera,Memory_card,Os
0,OnePlus Nord CE 4 5G,"<img alt=""OnePlus Nord CE 4 5G"" class=""sm-img"" src=""https://cdn1.smartprix.com/rx-iJIRhERgV-w280-h280/oneplus-nord-ce-4-5g.webp""/>","₹24,999",83,"<li class="""">Dual Sim, 3G, 4G, 5G, VoLTE, Wi-Fi</li>","<li class="""">Snapdragon 7 Gen3, Octa Core, 2.63 GHz Processor</li>","<li class="""">8 GB RAM, 128 GB inbuilt</li>","<li class="""">5500 mAh Battery with 100W Fast Charging</li>","<li class="""">6.7 inches, 1080 x 2412 px, 120 Hz Display with Punch Hole</li>","<li class="""">50 MP + 8 MP Dual Rear &amp; 16 MP Front Camera</li>","<li class="""">Memory Card (Hybrid), upto 1 TB</li>","<li class="""">Android v14</li>"
1,Realme 12X,"<img alt=""Realme 12X"" class=""sm-img"" loading=""lazy"" src=""https://cdn1.smartprix.com/rx-iygaGCROu-w280-h280/realme-12x.webp""/>","₹11,999",,"<li class="""">Dual Sim, 3G, 4G, 5G, VoLTE, Wi-Fi</li>","<li class="""">Dimensity 6100 Plus, Octa Core, 2.2 GHz Processor</li>","<li class="""">4 GB RAM, 128 GB inbuilt</li>","<li class="""">5000 mAh Battery with 45W Fast Charging</li>","<li class="""">6.72 inches, 1080 x 2400 px, 120 Hz Display with Punch Hole</li>","<li class="""">50 MP + 2 MP Dual Rear &amp; 8 MP Front Camera</li>","<li class="""">Memory Card Supported, upto 2 TB</li>","<li class="""">Android v14</li>"
2,Vivo T3 5G,"<img alt=""Vivo T3 5G"" class=""sm-img"" loading=""lazy"" src=""https://cdn1.smartprix.com/rx-iJgJnXY13-w280-h280/vivo-t3-5g.webp""/>","₹19,999",82,"<li class="""">Dual Sim, 3G, 4G, 5G, VoLTE, Wi-Fi</li>","<li class="""">Dimensity 7200, Octa Core, 2.8 GHz Processor</li>","<li class="""">8 GB RAM, 128 GB inbuilt</li>","<li class="""">5000 mAh Battery with 44W Fast Charging</li>","<li class="""">6.67 inches, 1080 x 2400 px, 120 Hz Display with Punch Hole</li>","<li class="""">50 MP + 2 MP Triple Rear &amp; 16 MP Front Camera</li>","<li class="""">Memory Card (Hybrid), upto 1 TB</li>","<li class="""">Android v14</li>"
3,Nothing Phone 2a,"<img alt=""Nothing Phone 2a"" class=""sm-img"" loading=""lazy"" src=""https://cdn1.smartprix.com/rx-iX1TaPGbE-w280-h280/nothing-phone-2a.webp""/>","₹23,999",86,"<li class="""">Dual Sim, 3G, 4G, 5G, VoLTE, Wi-Fi, NFC</li>","<li class="""">Dimensity 7200 Pro, Octa Core, 2.8 GHz Processor</li>","<li class="""">8 GB RAM, 128 GB inbuilt</li>","<li class="""">5000 mAh Battery with 45W Fast Charging</li>","<li class="""">6.7 inches, 1084 x 2412 px, 120 Hz Display with Punch Hole</li>","<li class="""">50 MP + 50 MP Dual Rear &amp; 32 MP Front Camera</li>","<li class="""">Android v14</li>",
4,OnePlus 12R,"<img alt=""OnePlus 12R"" class=""sm-img"" loading=""lazy"" src=""https://cdn1.smartprix.com/rx-iakzXgVAH-w280-h280/oneplus-12r.webp""/>","₹38,688",85,"<li class="""">Dual Sim, 3G, 4G, 5G, VoLTE, Wi-Fi, NFC, IR Blaster</li>","<li class="""">Snapdragon 8 Gen2, Octa Core, 3.2 GHz Processor</li>","<li class="""">8 GB RAM, 128 GB inbuilt</li>","<li class="""">5500 mAh Battery with 100W Fast Charging</li>","<li class="""">6.78 inches, 1264 x 2780 px, 120 Hz Display with Punch Hole</li>","<li class="""">50 MP + 8 MP + 2 MP Triple Rear &amp; 16 MP Front Camera</li>","<li class="""">Android v14</li>",
5,Xiaomi Redmi Note 13 Pro 5G,"<img alt=""Xiaomi Redmi Note 13 Pro 5G"" class=""sm-img"" loading=""lazy"" src=""https://cdn1.smartprix.com/rx-iG0eh46lf-w280-h280/xiaomi-redmi-note-13.webp""/>","₹23,999",84,"<li class="""">Dual Sim, 3G, 4G, 5G, VoLTE, Wi-Fi, IR Blaster</li>","<li class="""">Snapdragon 7s Gen 2, Octa Core, 2.4 GHz Processor</li>","<li class="""">8 GB RAM, 128 GB inbuilt</li>","<li class="""">5100 mAh Battery with 67W Fast Charging</li>","<li class="""">6.67 inches, 1220 x 2712 px, 120 Hz Display with Punch Hole</li>","<li class="""">200 MP + 8 MP + 2 MP Triple Rear &amp; 16 MP Front Camera</li>","<li class="""">Android v13</li>",
6,Motorola Moto G34 5G (8GB RAM + 128GB),"<img alt=""Motorola Moto G34 5G (8GB RAM + 128GB)"" class=""sm-img"" loading=""lazy"" src=""https://cdn1.smartprix.com/rx-iYaMlTUun-w280-h280/motorola-moto-g34-5g.webp""/>","₹11,999",,"<li class="""">Dual Sim, 3G, 4G, 5G, VoLTE, Vo5G, Wi-Fi</li>","<li class="""">Snapdragon 695, Octa Core, 2.2 GHz Processor</li>","<li class="""">8 GB RAM, 128 GB inbuilt</li>","<li class="""">5000 mAh Battery with 18W Fast Charging</li>","<li class="""">6.5 inches, 720 x 1600 px, 120 Hz Display with Punch Hole</li>","<li class="""">50 MP + 2 MP Dual Rear &amp; 16 MP Front Camera</li>","<li class="""">Memory Card (Hybrid), upto 1 TB</li>","<li class="""">Android v14</li>"
7,iQOO Z9 5G,"<img alt=""iQOO Z9 5G"" class=""sm-img"" loading=""lazy"" src=""https://cdn1.smartprix.com/rx-iM93IMTdh-w280-h280/iqoo-z9-5g.webp""/>","₹19,999",83,"<li class="""">Dual Sim, 3G, 4G, 5G, VoLTE, Wi-Fi</li>","<li class="""">Dimensity 7200, Octa Core, 2.8 GHz Processor</li>","<li class="""">8 GB RAM, 128 GB inbuilt</li>","<li class="""">5000 mAh Battery with 44W Fast Charging</li>","<li class="""">6.67 inches, 1080 x 2400 px, 120 Hz Display with Punch Hole</li>","<li class="""">50 MP + 2 MP Dual Rear &amp; 16 MP Front Camera</li>","<li class="""">Memory Card (Hybrid), upto 1 TB</li>","<li class="""">Android v14</li>"
8,Xiaomi Redmi Note 13 5G,"<img alt=""Xiaomi Redmi Note 13 5G"" class=""sm-img"" loading=""lazy"" src=""https://cdn1.smartprix.com/rx-ivCJW3bce-w280-h280/xiaomi-redmi-note-13.webp""/>","₹16,989",81,"<li class="""">Dual Sim, 3G, 4G, 5G, VoLTE, Vo5G, Wi-Fi, IR Blaster</li>","<li class="""">Dimensity 6080, Octa Core, 2.4 GHz Processor</li>","<li class="""">6 GB RAM, 128 GB inbuilt</li>","<li class="""">5000 mAh Battery with 33W Fast Charging</li>","<li class="""">6.67 inches, 1080 x 2400 px, 120 Hz Display with Punch Hole</li>","<li class="""">108 MP + 8 MP + 2 MP Triple Rear &amp; 16 MP Front Camera</li>","<li class="""">Memory Card Supported, upto 1 TB</li>","<li class="""">Android v13</li>"
9,Vivo V30 5G,"<img alt=""Vivo V30 5G"" class=""sm-img"" loading=""lazy"" src=""https://cdn1.smartprix.com/rx-iVNbyRECY-w280-h280/vivo-v30-5g.webp""/>","₹31,799",86,"<li class="""">Dual Sim, 3G, 4G, 5G, VoLTE, Wi-Fi</li>","<li class="""">Snapdragon 7 Gen3, Octa Core, 2.63 GHz Processor</li>","<li class="""">8 GB RAM, 128 GB inbuilt</li>","<li class="""">5000 mAh Battery with 80W Fast Charging</li>","<li class="""">6.78 inches, 1260 x 2800 px, 120 Hz Display with Punch Hole</li>","<li class="""">50 MP + 50 MP Dual Rear &amp; 50 MP Front Camera</li>","<li class="""">Memory Card Supported</li>","<li class="""">Android v14</li>"
10,Vivo V30 Pro 5G,"<img alt=""Vivo V30 Pro 5G"" class=""sm-img"" loading=""lazy"" src=""https://cdn1.smartprix.com/rx-ihCwhkEQ6-w280-h280/vivo-v30-pro-5g.webp""/>","₹41,500",87,"<li class="""">Dual Sim, 3G, 4G, 5G, VoLTE, Wi-Fi</li>","<li class="""">Dimensity 8200, Octa Core, 3.1 GHz Processor</li>","<li class="""">8 GB RAM, 256 GB inbuilt</li>","<li class="""">5000 mAh Battery with 80W Fast Charging</li>","<li class="""">6.78 inches, 1260 x 2800 px, 120 Hz Display with Punch Hole</li>","<li class="""">50 MP + 50 MP + 50 MP Triple Rear &amp; 50 MP Front Camera</li>","<li class="""">Android v14</li>",
11,OnePlus Nord CE 4 5G (8GB RAM + 256GB),"<img alt=""OnePlus Nord CE 4 5G (8GB RAM + 256GB)"" class=""sm-img"" loading=""lazy"" src=""https://cdn1.smartprix.com/rx-i7zgwRqdk-w280-h280/oneplus-nord-ce-4-5g.webp""/>","₹26,999",84,"<li class="""">Dual Sim, 3G, 4G, 5G, VoLTE, Wi-Fi</li>","<li class="""">Snapdragon 7 Gen3, Octa Core, 2.63 GHz Processor</li>","<li class="""">8 GB RAM, 256 GB inbuilt</li>","<li class="""">5500 mAh Battery with 100W Fast Charging</li>","<li class="""">6.7 inches, 1080 x 2412 px, 120 Hz Display with Punch Hole</li>","<li class="""">50 MP + 8 MP Dual Rear &amp; 16 MP Front Camera</li>","<li class="""">Memory Card (Hybrid), upto 1 TB</li>","<li class="""">Android v14</li>"
12,Motorola Edge 40 Neo,"<img alt=""Motorola Edge 40 Neo"" class=""sm-img"" loading=""lazy"" src=""https://cdn1.smartprix.com/rx-i3TEsGJHe-w280-h280/motorola-edge-40-neo.webp""/>","₹22,999",84,"<li class="""">Dual Sim, 3G, 4G, 5G, VoLTE, Wi-Fi, NFC</li>","<li class="""">Dimensity 7030, Octa Core, 2.5 GHz Processor</li>","<li class="""">8 GB RAM, 128 GB inbuilt</li>","<li class="""">5000 mAh Battery with 68W Fast Charging</li>","<li class="""">6.55 inches, 1080 x 2400 px, 144 Hz Display with Punch Hole</li>","<li class="""">50 MP + 13 MP Dual Rear &amp; 32 MP Front Camera</li>","<li class="""">Android v13</li>",
13,Motorola Moto G54 5G,"<img alt=""Motorola Moto G54 5G"" class=""sm-img"" loading=""lazy"" src=""https://cdn1.smartprix.com/rx-ibGBR2C8Q-w280-h280/motorola-moto-g54-5g.webp""/>","₹14,999",84,"<li class="""">Dual Sim, 3G, 4G, 5G, VoLTE, Wi-Fi</li>","<li class="""">Dimensity 7020, Octa Core, 2.2 GHz Processor</li>","<li class="""">8 GB RAM, 128 GB inbuilt</li>","<li class="""">6000 mAh Battery with 33W Fast Charging</li>","<li class="""">6.5 inches, 1080 x 2400 px, 120 Hz Display with Punch Hole</li>","<li class="""">50 MP + 8 MP Dual Rear &amp; 16 MP Front Camera</li>","<li class="""">Memory Card (Hybrid), upto 1 TB</li>","<li class="""">Android v13</li>"
14,OnePlus Nord CE 3 Lite 5G,"<img alt=""OnePlus Nord CE 3 Lite 5G"" class=""sm-img"" loading=""lazy"" src=""https://cdn1.smartprix.com/rx-iAf9Lqlrt-w280-h280/oneplus-nord-ce-3-li.webp""/>","₹17,412",85,"<li class="""">Dual Sim, 3G, 4G, 5G, VoLTE, Wi-Fi</li>","<li class="""">Snapdragon 695 5G, Octa Core, 2.2 GHz Processor</li>","<li class="""">8 GB RAM, 128 GB inbuilt</li>","<li class="""">5000 mAh Battery with 67W Fast Charging</li>","<li class="""">6.72 inches, 1080 x 2400 px, 120 Hz Display with Punch Hole</li>","<li class="""">108 MP + 2 MP + 2 MP Triple Rear &amp; 16 MP Front Camera</li>","<li class="""">Memory Card (Hybrid), upto 1 TB</li>","<li class="""">Android v13</li>"
15,Tecno Pova 6 Pro,"<img alt=""Tecno Pova 6 Pro"" class=""sm-img"" loading=""lazy"" src=""https://cdn1.smartprix.com/rx-ilf0u56p4-w280-h280/tecno-pova-6-pro.webp""/>","₹19,999",87,"<li class="""">Dual Sim, 3G, 4G, 5G, VoLTE, Vo5G, Wi-Fi, NFC, IR Blaster</li>","<li class="""">Dimensity 6080, Octa Core, 2.4 GHz Processor</li>","<li class="""">8 GB RAM, 256 GB inbuilt</li>","<li class="""">6000 mAh Battery with 70W Fast Charging</li>","<li class="""">6.78 inches, 1080 x 2436 px, 120 Hz Display with Punch Hole</li>","<li class="""">108 MP + 2 MP + 0.08 MP Triple Rear &amp; 32 MP Front Camera</li>","<li class="""">Memory Card Supported, upto 1 TB</li>","<li class="""">Android v14</li>"
16,Samsung Galaxy F15 5G,"<img alt=""Samsung Galaxy F15 5G"" class=""sm-img"" loading=""lazy"" src=""https://cdn1.smartprix.com/rx-iwUujWfwg-w280-h280/samsung-galaxy-f15-5.webp""/>","₹12,999",,"<li class="""">Dual Sim, 3G, 4G, 5G, VoLTE, Wi-Fi</li>","<li class="""">Dimensity 6100 Plus, Octa Core, 2.2 GHz Processor</li>","<li class="""">4 GB RAM, 128 GB inbuilt</li>","<li class="""">6000 mAh Battery with 25W Fast Charging</li>","<li class="""">6.45 inches, 1080 x 2340 px, 90 Hz Display with Water Drop Notch</li>","<li class="""">50 MP + 5 MP + 2 MP Triple Rear &amp; 13 MP Front Camera</li>","<li class="""">Memory Card (Hybrid), upto 1 TB</li>","<li class="""">Android v14</li>"
17,Samsung Galaxy A55 5G,"<img alt=""Samsung Galaxy A55 5G"" class=""sm-img"" loading=""lazy"" src=""https://cdn1.smartprix.com/rx-iJoqOel8u-w280-h280/samsung-galaxy-a55-5.webp""/>","₹38,999",88,"<li class="""">Dual Sim, 3G, 4G, 5G, VoLTE, Wi-Fi, NFC</li>","<li class="""">Exynos 1480, Octa Core, 2.7 GHz Processor</li>","<li class="""">8 GB RAM, 128 GB inbuilt</li>","<li class="""">5000 mAh Battery with 25W Fast Charging</li>","<li class="""">6.6 inches, 1080 x 2340 px, 120 Hz Display with Punch Hole</li>","<li class="""">50 MP + 12 MP + 5 MP Triple Rear &amp; 32 MP Front Camera</li>","<li class="""">Memory Card (Hybrid), upto 1 TB</li>","<li class="""">Android v14</li>"
18,OnePlus Nord CE 3 5G,"<img alt=""OnePlus Nord CE 3 5G"" class=""sm-img"" loading=""lazy"" src=""https://cdn1.smartprix.com/rx-idEgUmuTV-w280-h280/oneplus-nord-ce-3-5g.webp""/>","₹23,355",84,"<li class="""">Dual Sim, 3G, 4G, 5G, VoLTE, Wi-Fi, NFC, IR Blaster</li>","<li class="""">Snapdragon  782G, Octa Core, 2.7 GHz Processor</li>","<li class="""">8 GB RAM, 128 GB inbuilt</li>","<li class="""">5000 mAh Battery with 80W Fast Charging</li>","<li class="""">6.7 inches, 1080 x 2412 px, 120 Hz Display with Punch Hole</li>","<li class="""">50 MP + 8 MP + 2 MP Triple Rear &amp; 16 MP Front Camera</li>","<li class="""">Memory Card (Hybrid), upto 1 TB</li>","<li class="""">Android v13</li>"
19,Realme Narzo 70 Pro 5G (8GB RAM + 256GB),"<img alt=""Realme Narzo 70 Pro 5G (8GB RAM + 256GB)"" class=""sm-img"" loading=""lazy"" src=""https://cdn1.smartprix.com/rx-igO3zHlIk-w280-h280/realme-narzo-70-pro.webp""/>","₹20,055",84,"<li class="""">Dual Sim, 3G, 4G, 5G, VoLTE, Wi-Fi</li>","<li class="""">Dimensity 7050, Octa Core, 2.6 GHz Processor</li>","<li class="""">8 GB RAM, 256 GB inbuilt</li>","<li class="""">5000 mAh Battery with 67W Fast Charging</li>","<li class="""">6.67 inches, 1080 x 2400 px, 120 Hz Display with Punch Hole</li>","<li class="""">50 MP + 8 MP + 2 MP Triple Rear &amp; 16 MP Front Camera</li>","<li class="""">Memory Card (Hybrid), upto 2 TB</li>","<li class="""">Android v14</li>"
20,Realme 12X 5G (8GB RAM +128GB),"<img alt=""Realme 12X 5G (8GB RAM +128GB)"" class=""sm-img"" loading=""lazy"" src=""https://cdn1.smartprix.com/rx-iygaGCROu-w280-h280/realme-12x-5g-8gb-ra.webp""/>","₹14,999",80,"<li class="""">Dual Sim, 3G, 4G, 5G, VoLTE, Wi-Fi</li>","<li class="""">Dimensity 6100 Plus, Octa Core, 2.2 GHz Processor</li>","<li class="""">8 GB RAM, 128 GB inbuilt</li>","<li class="""">5000 mAh Battery with 45W Fast Charging</li>","<li class="""">6.72 inches, 1080 x 2400 px, 120 Hz Display with Punch Hole</li>","<li class="""">50 MP + 2 MP Dual Rear &amp; 8 MP Front Camera</li>","<li class="""">Memory Card Supported, upto 2 TB</li>","<li class="""">Android v14</li>"
21,OnePlus Nord 3 5G,"<img alt=""OnePlus Nord 3 5G"" class=""sm-img"" loading=""lazy"" src=""https://cdn1.smartprix.com/rx-icVITNmRp-w280-h280/oneplus-nord-3-5g.webp""/>","₹25,327",85,"<li class="""">Dual Sim, 3G, 4G, 5G, VoLTE, Wi-Fi, NFC, IR Blaster</li>","<li class="""">Dimensity 9000, Octa Core, 3.05 GHz Processor</li>","<li class="""">8 GB RAM, 128 GB inbuilt</li>","<li class="""">5000 mAh Battery with 80W Fast Charging</li>","<li class="""">6.74 inches, 1240 x 2772 px, 120 Hz Display with Punch Hole</li>","<li class="""">50 MP + 8 MP + 2 MP Triple Rear &amp; 16 MP Front Camera</li>","<li class="""">Android v13</li>",
22,Xiaomi Redmi Note 13 Pro Plus,"<img alt=""Xiaomi Redmi Note 13 Pro Plus"" class=""sm-img"" loading=""lazy"" src=""https://cdn1.smartprix.com/rx-ibuKCEJlQ-w280-h280/xiaomi-redmi-note-13.webp""/>","₹29,990",87,"<li class="""">Dual Sim, 3G, 4G, 5G, VoLTE, Wi-Fi, NFC, IR Blaster</li>","<li class="""">Dimensity 7200 Ultra, Octa Core, 2.8 GHz Processor</li>","<li class="""">8 GB RAM, 256 GB inbuilt</li>","<li class="""">5000 mAh Battery with 120W Fast Charging</li>","<li class="""">6.67 inches, 1220 x 2712 px, 120 Hz Display with Punch Hole</li>","<li class="""">200 MP + 8 MP + 2 MP Triple Rear &amp; 16 MP Front Camera</li>","<li class="""">Android v13</li>",
23,Realme 12X (6GB RAM +128GB),"<img alt=""Realme 12X (6GB RAM +128GB)"" class=""sm-img"" loading=""lazy"" src=""https://cdn1.smartprix.com/rx-iygaGCROu-w280-h280/realme-12x-6gb-ram-1.webp""/>","₹12,999",,"<li class="""">Dual Sim, 3G, 4G, 5G, VoLTE, Wi-Fi</li>","<li class="""">Dimensity 6100 Plus, Octa Core, 2.2 GHz Processor</li>","<li class="""">6 GB RAM, 128 GB inbuilt</li>","<li class="""">5000 mAh Battery with 45W Fast Charging</li>","<li class="""">6.72 inches, 1080 x 2400 px, 120 Hz Display with Punch Hole</li>","<li class="""">50 MP + 2 MP Dual Rear &amp; 8 MP Front Camera</li>","<li class="""">Memory Card Supported, upto 2 TB</li>","<li class="""">Android v14</li>"
24,Realme 12 Plus 5G,"<img alt=""Realme 12 Plus 5G"" class=""sm-img"" loading=""lazy"" src=""https://cdn1.smartprix.com/rx-iUyGoU2rR-w280-h280/realme-12-plus-5g.webp""/>","₹19,890",84,"<li class="""">Dual Sim, 3G, 4G, 5G, VoLTE, Wi-Fi</li>","<li class="""">Dimensity 7050, Octa Core, 2.6 GHz Processor</li>","<li class="""">8 GB RAM, 128 GB inbuilt</li>","<li class="""">5000 mAh Battery with 67W Fast Charging</li>","<li class="""">6.67 inches, 1080 x 2400 px, 120 Hz Display with Punch Hole</li>","<li class="""">50 MP + 8 MP + 2 MP Triple Rear &amp; 16 MP Front Camera</li>","<li class="""">Memory Card (Hybrid), upto 2 TB</li>","<li class="""">Android v14</li>"
25,Oppo F25 Pro 5G,"<img alt=""Oppo F25 Pro 5G"" class=""sm-img"" loading=""lazy"" src=""https://cdn1.smartprix.com/rx-iTQARpDh8-w280-h280/oppo-f25-pro-5g.webp""/>","₹23,999",85,"<li class="""">Dual Sim, 3G, 4G, 5G, VoLTE, Wi-Fi</li>","<li class="""">Dimensity 7050, Octa Core, 2.6 GHz Processor</li>","<li class="""">8 GB RAM, 128 GB inbuilt</li>","<li class="""">5000 mAh Battery with 67W Fast Charging</li>","<li class="""">6.7 inches, 1080 x 2412 px, 120 Hz Display with Punch Hole</li>","<li class="""">64 MP + 8 MP + 2 MP Triple Rear &amp; 32 MP Front Camera</li>","<li class="""">Memory Card (Hybrid), upto 2 TB</li>","<li class="""">Android v14</li>"
26,OPPO Reno 11,"<img alt=""OPPO Reno 11"" class=""sm-img"" loading=""lazy"" src=""https://cdn1.smartprix.com/rx-ikqjgoHMF-w280-h280/oppo-reno-11.webp""/>","₹27,740",88,"<li class="""">Dual Sim, 3G, 4G, 5G, VoLTE, Wi-Fi, NFC, IR Blaster</li>","<li class="""">Dimensity 7050, Octa Core, 2.6 GHz Processor</li>","<li class="""">8 GB RAM, 128 GB inbuilt</li>","<li class="""">5000 mAh Battery with 67W Fast Charging</li>","<li class="""">6.7 inches, 1080 x 2412 px, 120 Hz Display with Punch Hole</li>","<li class="""">50 MP + 32 MP + 8 MP Triple Rear &amp; 32 MP Front Camera</li>","<li class="""">Memory Card (Hybrid), upto 2 TB</li>","<li class="""">Android v14</li>"
27,Motorola Moto G84 5G,"<img alt=""Motorola Moto G84 5G"" class=""sm-img"" loading=""lazy"" src=""https://cdn1.smartprix.com/rx-iMBUI5fcZ-w280-h280/motorola-moto-g84-5g.webp""/>","₹17,999",86,"<li class="""">Dual Sim, 3G, 4G, 5G, VoLTE, Wi-Fi, NFC</li>","<li class="""">Snapdragon 695, Octa Core, 2.2 GHz Processor</li>","<li class="""">12 GB RAM, 256 GB inbuilt</li>","<li class="""">5000 mAh Battery with 30W Fast Charging</li>","<li class="""">6.55 inches, 1080 x 2400 px, 120 Hz Display with Punch Hole</li>","<li class="""">50 MP + 8 MP Dual Rear &amp; 16 MP Front Camera</li>","<li class="""">Memory Card (Hybrid)</li>","<li class="""">Android v13</li>"
28,Samsung Galaxy A35 5G,"<img alt=""Samsung Galaxy A35 5G"" class=""sm-img"" loading=""lazy"" src=""https://cdn1.smartprix.com/rx-iaq8maqaX-w280-h280/samsung-galaxy-a35-5.webp""/>","₹28,379",85,"<li class="""">Dual Sim, 3G, 4G, 5G, VoLTE, Wi-Fi, NFC</li>","<li class="""">Exynos 1380, Octa Core, 2.4 GHz Processor</li>","<li class="""">8 GB RAM, 128 GB inbuilt</li>","<li class="""">5000 mAh Battery with 25W Fast Charging</li>","<li class="""">6.6 inches, 1080 x 2340 px, 120 Hz Display with Punch Hole</li>","<li class="""">50 MP + 8 MP + 5 MP Triple Rear &amp; 13 MP Front Camera</li>","<li class="""">Memory Card (Hybrid), upto 1 TB</li>","<li class="""">Android v14</li>"
29,Realme Narzo 60 5G,"<img alt=""Realme Narzo 60 5G"" class=""sm-img"" loading=""lazy"" src=""https://cdn1.smartprix.com/rx-i2KfXqT6S-w280-h280/realme-narzo-60-5g.webp""/>","₹14,999",82,"<li class="""">Dual Sim, 3G, 4G, 5G, VoLTE, Wi-Fi</li>","<li class="""">Dimensity 6020, Octa Core, 2.2 GHz Processor</li>","<li class="""">8 GB RAM, 128 GB inbuilt</li>","<li class="""">5000 mAh Battery with 33W Fast Charging</li>","<li class="""">6.43 inches, 1080 x 2400 px, 90 Hz Display with Punch Hole</li>","<li class="""">64 MP + 2 MP Dual Rear &amp; 16 MP Front Camera</li>","<li class="""">Memory Card Supported, upto 1 TB</li>","<li class="""">Android v13</li>"
30,Samsung Galaxy F54,"<img alt=""Samsung Galaxy F54"" class=""sm-img"" loading=""lazy"" src=""https://cdn1.smartprix.com/rx-iflC8vwCe-w280-h280/samsung-galaxy-f54.webp""/>","₹24,357",89,"<li class="""">Dual Sim, 3G, 4G, 5G, VoLTE, Wi-Fi, NFC</li>","<li class="""">Exynos 1380, Octa Core, 2.4 GHz Processor</li>","<li class="""">8 GB RAM, 256 GB inbuilt</li>","<li class="""">6000 mAh Battery with 25W Fast Charging</li>","<li class="""">6.7 inches, 1080 x 2408 px, 120 Hz Display with Punch Hole</li>","<li class="""">108 MP + 8 MP + 2 MP Triple Rear &amp; 32 MP Front Camera</li>","<li class="""">Memory Card (Hybrid), upto 1 TB</li>","<li class="""">Android v13</li>"
31,Realme 12 5G,"<img alt=""Realme 12 5G"" class=""sm-img"" loading=""lazy"" src=""https://cdn1.smartprix.com/rx-ihrVGEGS0-w280-h280/realme-12-5g.webp""/>","₹16,998",,"<li class="""">Dual Sim, 3G, 4G, 5G, VoLTE, Wi-Fi</li>","<li class="""">Dimensity 6100 Plus, Octa Core, 2.2 GHz Processor</li>","<li class="""">6 GB RAM, 128 GB inbuilt</li>","<li class="""">5000 mAh Battery with 45W Fast Charging</li>","<li class="""">6.72 inches, 1080 x 2400 px, 120 Hz Display with Punch Hole</li>","<li class="""">108 MP + 2 MP Dual Rear &amp; 8 MP Front Camera</li>","<li class="""">Memory Card (Hybrid), upto 2 TB</li>","<li class="""">Android v14</li>"
32,Xiaomi Redmi Note 12 5G,"<img alt=""Xiaomi Redmi Note 12 5G"" class=""sm-img"" loading=""lazy"" src=""https://cdn1.smartprix.com/rx-iVTSdrBOM-w280-h280/xiaomi-redmi-note-12.webp""/>","₹11,159",,"<li class="""">Dual Sim, 3G, 4G, 5G, VoLTE, Wi-Fi, IR Blaster</li>","<li class="""">Snapdragon 4 Gen 1, Octa Core, 2 GHz Processor</li>","<li class="""">4 GB RAM, 128 GB inbuilt</li>","<li class="""">5000 mAh Battery with 33W Fast Charging</li>","<li class="""">6.67 inches, 1080 x 2400 px, 120 Hz Display with Punch Hole</li>","<li class="""">48 MP + 8 MP + 2 MP Triple Rear &amp; 13 MP Front Camera</li>","<li class="""">Memory Card (Hybrid), upto 1 TB</li>","<li class="""">Android v12</li>"
33,Realme 12 Pro 5G,"<img alt=""Realme 12 Pro 5G"" class=""sm-img"" loading=""lazy"" src=""https://cdn1.smartprix.com/rx-iqDKgfAiw-w280-h280/realme-12-pro-5g.webp""/>","₹23,999",82,"<li class="""">Dual Sim, 3G, 4G, 5G, VoLTE, Wi-Fi</li>","<li class="""">Snapdragon 6 Gen1, Octa Core, 2.2 GHz Processor</li>","<li class="""">8 GB RAM, 128 GB inbuilt</li>","<li class="""">5000 mAh Battery with 67W Fast Charging</li>","<li class="""">6.7 inches, 1080 x 2412 px, 120 Hz Display with Punch Hole</li>","<li class="""">50 MP + 32 MP + 8 MP Triple Rear &amp; 16 MP Front Camera</li>","<li class="""">Android v14</li>",
34,Vivo T2x 5G (6GB RAM + 128GB),"<img alt=""Vivo T2x 5G (6GB RAM + 128GB)"" class=""sm-img"" loading=""lazy"" src=""https://cdn1.smartprix.com/rx-idq6N7SMW-w280-h280/vivo-t2x-5g-6gb-ram.webp""/>","₹12,999",,"<li class="""">Dual Sim, 3G, 4G, 5G, VoLTE, Wi-Fi</li>","<li class="""">Dimensity 6020, Octa Core, 2.2 GHz Processor</li>","<li class="""">6 GB RAM, 128 GB inbuilt</li>","<li class="""">5000 mAh Battery with 18W Fast Charging</li>","<li class="""">6.58 inches, 1080 x 2408 px Display with Water Drop Notch</li>","<li class="""">50 MP + 2 MP Dual Rear &amp; 8 MP Front Camera</li>","<li class="""">Memory Card (Hybrid), upto 1 TB</li>","<li class="""">Android v13</li>"
35,Motorola Moto G54 5G (12GB RAM +256GB),"<img alt=""Motorola Moto G54 5G (12GB RAM +256GB)"" class=""sm-img"" loading=""lazy"" src=""https://cdn1.smartprix.com/rx-is7wPyX1O-w280-h280/motorola-moto-g54-5g.webp""/>","₹16,999",85,"<li class="""">Dual Sim, 3G, 4G, 5G, VoLTE, Wi-Fi</li>","<li class="""">Dimensity 7020, Octa Core, 2.2 GHz Processor</li>","<li class="""">12 GB RAM, 256 GB inbuilt</li>","<li class="""">6000 mAh Battery with 33W Fast Charging</li>","<li class="""">6.5 inches, 1080 x 2400 px, 120 Hz Display with Punch Hole</li>","<li class="""">50 MP + 8 MP Dual Rear &amp; 16 MP Front Camera</li>","<li class="""">Memory Card (Hybrid), upto 1 TB</li>","<li class="""">Android v13</li>"
36,Apple iPhone 15,"<img alt=""Apple iPhone 15"" class=""sm-img"" loading=""lazy"" src=""https://cdn1.smartprix.com/rx-iWLT056zS-w280-h280/apple-iphone-15.webp""/>","₹71,490",83,"<li class="""">Dual Sim, 3G, 4G, 5G, VoLTE, Wi-Fi, NFC</li>","<li class="""">Bionic  A16, Hexa Core, 3.46 GHz Processor</li>","<li class="""">6 GB RAM, 128 GB inbuilt</li>","<li class="""">3349 mAh Battery with Fast Charging</li>","<li class="""">6.1 inches, 1179 x 2556 px Display with Dynamic Island</li>","<li class="""">48 MP + 12 MP Dual Rear &amp; 12 MP Front Camera</li>","<li class="""">iOS v17</li>",
37,Vivo T2 Pro 5G,"<img alt=""Vivo T2 Pro 5G"" class=""sm-img"" loading=""lazy"" src=""https://cdn1.smartprix.com/rx-iU8jVEFYT-w280-h280/vivo-t2-pro-5g.webp""/>","₹23,999",81,"<li class="""">Dual Sim, 3G, 4G, 5G, VoLTE, Wi-Fi</li>","<li class="""">Dimensity 7200, Octa Core, 2.8 GHz Processor</li>","<li class="""">8 GB RAM, 128 GB inbuilt</li>","<li class="""">4600 mAh Battery with 66W Fast Charging</li>","<li class="""">6.78 inches, 1080 x 2400 px, 120 Hz Display with Punch Hole</li>","<li class="""">64 MP + 2 MP Dual Rear &amp; 16 MP Front Camera</li>","<li class="""">Android v13</li>",
38,Samsung Galaxy M14 (6GB RAM + 128GB),"<img alt=""Samsung Galaxy M14 (6GB RAM + 128GB)"" class=""sm-img"" loading=""lazy"" src=""https://cdn1.smartprix.com/rx-iSLHUYeot-w280-h280/samsung-galaxy-m14-6.webp""/>","₹12,198",,"<li class="""">Dual Sim, 3G, 4G, 5G, VoLTE, Wi-Fi</li>","<li class="""">Exynos 1330, Octa Core, 2.4 GHz Processor</li>","<li class="""">6 GB RAM, 128 GB inbuilt</li>","<li class="""">6000 mAh Battery with 25W Fast Charging</li>","<li class="""">6.6 inches, 1080 x 2408 px, 90 Hz Display with Water Drop Notch</li>","<li class="""">50 MP + 2 MP + 2 MP Triple Rear &amp; 13 MP Front Camera</li>","<li class="""">Memory Card Supported, upto 1 TB</li>","<li class="""">Android v13</li>"
39,Poco X6 Pro 5G,"<img alt=""Poco X6 Pro 5G"" class=""sm-img"" loading=""lazy"" src=""https://cdn1.smartprix.com/rx-iAdmzTljq-w280-h280/poco-x6-pro-5g.webp""/>","₹25,999",84,"<li class="""">Dual Sim, 3G, 4G, 5G, VoLTE, Wi-Fi, NFC, IR Blaster</li>","<li class="""">Dimensity 8300 Ultra, Octa Core, 3.35 GHz Processor</li>","<li class="""">8 GB RAM, 256 GB inbuilt</li>","<li class="""">5000 mAh Battery with 67W Fast Charging</li>","<li class="""">6.67 inches, 1220 x 2712 px, 120 Hz Display with Punch Hole</li>","<li class="""">64 MP + 8 MP + 2 MP Triple Rear &amp; 16 MP Front Camera</li>","<li class="""">Android v14</li>",
40,Motorola Edge 40 5G,"<img alt=""Motorola Edge 40 5G"" class=""sm-img"" loading=""lazy"" src=""https://cdn1.smartprix.com/rx-i5k8kTQcK-w280-h280/motorola-edge-40-5g.webp""/>","₹26,999",87,"<li class="""">Dual Sim, 3G, 4G, 5G, VoLTE, Wi-Fi, NFC</li>","<li class="""">Dimensity 8020, Octa Core, 2.6 GHz Processor</li>","<li class="""">8 GB RAM, 256 GB inbuilt</li>","<li class="""">4400 mAh Battery with 68W Fast Charging</li>","<li class="""">6.55 inches, 1080 x 2400 px, 144 Hz Display</li>","<li class="""">50 MP + 13 MP Dual Rear &amp; 32 MP Front Camera</li>","<li class="""">Android v13</li>","<li class="""">Bluetooth</li>"
41,Vivo T3 5G (8GB RAM + 256GB),"<img alt=""Vivo T3 5G (8GB RAM + 256GB)"" class=""sm-img"" loading=""lazy"" src=""https://cdn1.smartprix.com/rx-iJgJnXY13-w280-h280/vivo-t3-5g-8gb-ram-2.webp""/>","₹21,999",83,"<li class="""">Dual Sim, 3G, 4G, 5G, VoLTE, Wi-Fi</li>","<li class="""">Dimensity 7200, Octa Core, 2.8 GHz Processor</li>","<li class="""">8 GB RAM, 256 GB inbuilt</li>","<li class="""">5000 mAh Battery with 44W Fast Charging</li>","<li class="""">6.67 inches, 1080 x 2400 px, 120 Hz Display with Punch Hole</li>","<li class="""">50 MP + 2 MP Triple Rear &amp; 16 MP Front Camera</li>","<li class="""">Memory Card (Hybrid), upto 1 TB</li>","<li class="""">Android v14</li>"
42,Samsung Galaxy S22 5G,"<img alt=""Samsung Galaxy S22 5G"" class=""sm-img"" loading=""lazy"" src=""https://cdn1.smartprix.com/rx-ipXHkEAIk-w280-h280/samsung-galaxy-s22-5.webp""/>","₹37,710",86,"<li class="""">Dual Sim, 3G, 4G, 5G, VoLTE, Vo5G, Wi-Fi, NFC</li>","<li class="""">Snapdragon  8 Gen1, Octa Core, 3 GHz Processor</li>","<li class="""">8 GB RAM, 128 GB inbuilt</li>","<li class="""">3700 mAh Battery with 25W Fast Charging</li>","<li class="""">6.1 inches, 1080 x 2340 px, 120 Hz Display with Punch Hole</li>","<li class="""">50 MP + 12 MP + 10 MP Triple Rear &amp; 10 MP Front Camera</li>","<li class="""">Android v12</li>","<li class="""">Bluetooth</li>"
43,Poco X6 Neo,"<img alt=""Poco X6 Neo"" class=""sm-img"" loading=""lazy"" src=""https://cdn1.smartprix.com/rx-iU7jemD5T-w280-h280/poco-x6-neo.webp""/>","₹15,999",83,"<li class="""">Dual Sim, 3G, 4G, 5G, VoLTE, Wi-Fi, IR Blaster</li>","<li class="""">Dimensity 6080, Octa Core, 2.4 GHz Processor</li>","<li class="""">8 GB RAM, 128 GB inbuilt</li>","<li class="""">5000 mAh Battery with 33W Fast Charging</li>","<li class="""">6.67 inches, 1080 x 2400 px, 120 Hz Display with Punch Hole</li>","<li class="""">108 MP + 2 MP Dual Rear &amp; 16 MP Front Camera</li>","<li class="""">Memory Card (Hybrid), upto 1 TB</li>","<li class="""">Android v13</li>"
44,OnePlus 12 5G,"<img alt=""OnePlus 12 5G"" class=""sm-img"" loading=""lazy"" src=""https://cdn1.smartprix.com/rx-ioNeUvJVN-w280-h280/oneplus-12-5g.webp""/>","₹63,047",93,"<li class="""">Dual Sim, 3G, 4G, 5G, VoLTE, Vo5G, Wi-Fi, NFC, IR Blaster</li>","<li class="""">Snapdragon 8 Gen3, Octa Core, 3.3 GHz Processor</li>","<li class="""">12 GB RAM, 256 GB inbuilt</li>","<li class="""">5400 mAh Battery with 100W Fast Charging</li>","<li class="""">6.82 inches, 1440 x 3168 px, 120 Hz Display with Punch Hole</li>","<li class="""">64 MP + 50 MP + 48 MP Triple Rear &amp; 32 MP Front Camera</li>","<li class="""">Android v14</li>",
45,Samsung Galaxy S24 Ultra,"<img alt=""Samsung Galaxy S24 Ultra"" class=""sm-img"" loading=""lazy"" src=""https://cdn1.smartprix.com/rx-iz5ZKOGY0-w280-h280/samsung-galaxy-s24-u.webp""/>","₹1,25,999",95,"<li class="""">Dual Sim, 3G, 4G, 5G, VoLTE, Vo5G, Wi-Fi, NFC</li>","<li class="""">Snapdragon 8 Gen3, Octa Core, 3.3 GHz Processor</li>","<li class="""">12 GB RAM, 256 GB inbuilt</li>","<li class="""">5000 mAh Battery with 45W Fast Charging</li>","<li class="""">6.8 inches, 1440 x 3120 px, 120 Hz Display with Punch Hole</li>","<li class="""">200 MP Quad Rear &amp; 12 MP Front Camera</li>","<li class="""">Android v14</li>",
46,Realme 12 Pro Plus,"<img alt=""Realme 12 Pro Plus"" class=""sm-img"" loading=""lazy"" src=""https://cdn1.smartprix.com/rx-iPJfc3hvY-w280-h280/realme-12-pro-plus.webp""/>","₹29,999",85,"<li class="""">Dual Sim, 3G, 4G, 5G, VoLTE, Wi-Fi</li>","<li class="""">Snapdragon 7s Gen2, Octa Core, 2.4 GHz Processor</li>","<li class="""">8 GB RAM, 128 GB inbuilt</li>","<li class="""">5000 mAh Battery with 67W Fast Charging</li>","<li class="""">6.7 inches, 1080 x 2412 px, 120 Hz Display with Punch Hole</li>","<li class="""">64 MP + 50 MP + 8 MP Triple Rear &amp; 32 MP Front Camera</li>","<li class="""">Android v14</li>",
47,Poco C61,"<img alt=""Poco C61"" class=""sm-img"" loading=""lazy"" src=""https://cdn1.smartprix.com/rx-iYXmJUISA-w280-h280/poco-c61.webp""/>","₹6,999",,"<li class="""">Dual Sim, 3G, 4G, VoLTE, Wi-Fi</li>","<li class="""">Helio G36, Octa Core, 2.2 GHz Processor</li>","<li class="""">4 GB RAM, 64 GB inbuilt</li>","<li class="""">5000 mAh Battery with 18W Fast Charging</li>","<li class="""">6.71 inches, 720 x 1650 px, 90 Hz Display with Water Drop Notch</li>","<li class="""">8 MP + 0.08 MP Dual Rear &amp; 5 MP Front Camera</li>","<li class="""">Memory Card Supported, upto 1 TB</li>","<li class="""">Android v14</li>"
48,Xiaomi Redmi 12 5G (8GB RAM + 256GB),"<img alt=""Xiaomi Redmi 12 5G (8GB RAM + 256GB)"" class=""sm-img"" loading=""lazy"" src=""https://cdn1.smartprix.com/rx-it7Ho0Flf-w280-h280/xiaomi-redmi-12-5g-8.webp""/>","₹14,832",80,"<li class="""">Dual Sim, 3G, 4G, 5G, VoLTE, Wi-Fi, IR Blaster</li>","<li class="""">Snapdragon 4 Gen2, Octa Core, 2.2 GHz Processor</li>","<li class="""">8 GB RAM, 256 GB inbuilt</li>","<li class="""">5000 mAh Battery with 18W Fast Charging</li>","<li class="""">6.79 inches, 1080 x 2460 px, 90 Hz Display with Punch Hole</li>","<li class="""">50 MP + 2 MP Dual Rear &amp; 8 MP Front Camera</li>","<li class="""">Memory Card (Hybrid), upto 1 TB</li>","<li class="""">Android v13</li>"
49,Samsung Galaxy F15 5G (6GB RAM +  128GB),"<img alt=""Samsung Galaxy F15 5G (6GB RAM +  128GB)"" class=""sm-img"" loading=""lazy"" src=""https://cdn1.smartprix.com/rx-iwUujWfwg-w280-h280/samsung-galaxy-f15-5.webp""/>","₹14,499",,"<li class="""">Dual Sim, 3G, 4G, 5G, VoLTE, Wi-Fi</li>","<li class="""">Dimensity 6100 Plus, Octa Core, 2.2 GHz Processor</li>","<li class="""">6 GB RAM, 128 GB inbuilt</li>","<li class="""">6000 mAh Battery with 25W Fast Charging</li>","<li class="""">6.45 inches, 1080 x 2340 px, 90 Hz Display with Water Drop Notch</li>","<li class="""">50 MP + 5 MP + 2 MP Triple Rear &amp; 13 MP Front Camera</li>","<li class="""">Memory Card (Hybrid), upto 1 TB</li>","<li class="""">Android v14</li>"
50,OnePlus Nord CE 3 Lite 5G (8GB RAM + 256GB),"<img alt=""OnePlus Nord CE 3 Lite 5G (8GB RAM + 256GB)"" class=""sm-img"" loading=""lazy"" src=""https://cdn1.smartprix.com/rx-icoGLev3N-w280-h280/oneplus-nord-ce-3-li.webp""/>","₹19,930",86,"<li class="""">Dual Sim, 3G, 4G, 5G, VoLTE, Wi-Fi</li>","<li class="""">Snapdragon 695 5G, Octa Core, 2.2 GHz Processor</li>","<li class="""">8 GB RAM, 256 GB inbuilt</li>","<li class="""">5000 mAh Battery with 67W Fast Charging</li>","<li class="""">6.72 inches, 1080 x 2400 px, 120 Hz Display with Punch Hole</li>","<li class="""">108 MP + 2 MP + 2 MP Triple Rear &amp; 16 MP Front Camera</li>","<li class="""">Memory Card (Hybrid), upto 1 TB</li>","<li class="""">Android v13</li>"
51,iQOO Neo 9 Pro 5G,"<img alt=""iQOO Neo 9 Pro 5G"" class=""sm-img"" loading=""lazy"" src=""https://cdn1.smartprix.com/rx-iaRsF1EHH-w280-h280/iqoo-neo-9-pro-5g.webp""/>","₹36,999",83,"<li class="""">Dual Sim, 3G, 4G, 5G, VoLTE, Wi-Fi, IR Blaster</li>","<li class="""">Snapdragon 8 Gen2, Octa Core, 3.2 GHz Processor</li>","<li class="""">8 GB RAM, 256 GB inbuilt</li>","<li class="""">5160 mAh Battery with 120W Fast Charging</li>","<li class="""">6.78 inches, 1260 x 2800 px, 144 Hz Display with Punch Hole</li>","<li class="""">50 MP + 8 MP Dual Rear &amp; 16 MP Front Camera</li>","<li class="""">Android v14</li>",
52,Poco M6 Pro 5G (6GB RAM + 128GB),"<img alt=""Poco M6 Pro 5G (6GB RAM + 128GB)"" class=""sm-img"" loading=""lazy"" src=""https://cdn1.smartprix.com/rx-iQexkhhyf-w280-h280/poco-m6-pro-5g-6gb-r.webp""/>","₹10,998",,"<li class="""">Dual Sim, 3G, 4G, 5G, VoLTE, Wi-Fi, IR Blaster</li>","<li class="""">Snapdragon 4 Gen2, Octa Core, 2.2 GHz Processor</li>","<li class="""">6 GB RAM, 128 GB inbuilt</li>","<li class="""">5000 mAh Battery with 18W Fast Charging</li>","<li class="""">6.79 inches, 1080 x 2460 px, 90 Hz Display with Punch Hole</li>","<li class="""">50 MP + 2 MP Dual Rear &amp; 8 MP Front Camera</li>","<li class="""">Memory Card (Hybrid), upto 1 TB</li>","<li class="""">Android v13</li>"
53,Poco C55 (6GB RAM + 128GB),"<img alt=""Poco C55 (6GB RAM + 128GB)"" class=""sm-img"" loading=""lazy"" src=""https://cdn1.smartprix.com/rx-i3RhIr8TS-w280-h280/poco-c55-6gb-ram-128.webp""/>","₹6,499",,"<li class="""">Dual Sim, 3G, 4G, VoLTE, Wi-Fi</li>","<li class="""">Helio  G85, Octa Core, 2 GHz Processor</li>","<li class="""">6 GB RAM, 128 GB inbuilt</li>","<li class="""">5000 mAh Battery with 10W Fast Charging</li>","<li class="""">6.71 inches, 720 x 1650 px Display with Water Drop Notch</li>","<li class="""">50 MP Dual Rear &amp; 5 MP Front Camera</li>","<li class="""">Memory Card Supported, upto 1 TB</li>","<li class="""">Android v12</li>"
54,Vivo V29,"<img alt=""Vivo V29"" class=""sm-img"" loading=""lazy"" src=""https://cdn1.smartprix.com/rx-irqswbtJA-w280-h280/vivo-v29.webp""/>","₹31,500",84,"<li class="""">Dual Sim, 3G, 4G, 5G, VoLTE, Wi-Fi</li>","<li class="""">Snapdragon 778G, Octa Core, 2.4 GHz Processor</li>","<li class="""">8 GB RAM, 128 GB inbuilt</li>","<li class="""">4600 mAh Battery with 80W Fast Charging</li>","<li class="""">6.78 inches, 1260 x 2800 px, 120 Hz Display with Punch Hole</li>","<li class="""">50 MP + 8 MP + 2 MP Triple Rear &amp; 50 MP Front Camera</li>","<li class="""">Android v13</li>",
55,Motorola Edge 40 Neo (12GB RAM + 256GB),"<img alt=""Motorola Edge 40 Neo (12GB RAM + 256GB)"" class=""sm-img"" loading=""lazy"" src=""https://cdn1.smartprix.com/rx-ipPM7JWu7-w280-h280/motorola-edge-40-neo.webp""/>","₹24,999",85,"<li class="""">Dual Sim, 3G, 4G, 5G, VoLTE, Wi-Fi, NFC</li>","<li class="""">Dimensity 7030, Octa Core, 2.5 GHz Processor</li>","<li class="""">12 GB RAM, 256 GB inbuilt</li>","<li class="""">5000 mAh Battery with 68W Fast Charging</li>","<li class="""">6.55 inches, 1080 x 2400 px, 144 Hz Display with Punch Hole</li>","<li class="""">50 MP + 13 MP Dual Rear &amp; 32 MP Front Camera</li>","<li class="""">Android v13</li>",
56,Motorola Moto G34 5G,"<img alt=""Motorola Moto G34 5G"" class=""sm-img"" loading=""lazy"" src=""https://cdn1.smartprix.com/rx-idfQYa7Oa-w280-h280/motorola-moto-g34-5g.webp""/>","₹10,999",,"<li class="""">Dual Sim, 3G, 4G, 5G, VoLTE, Vo5G, Wi-Fi</li>","<li class="""">Snapdragon 695, Octa Core, 2.2 GHz Processor</li>","<li class="""">4 GB RAM, 128 GB inbuilt</li>","<li class="""">5000 mAh Battery with 18W Fast Charging</li>","<li class="""">6.5 inches, 720 x 1600 px, 120 Hz Display with Punch Hole</li>","<li class="""">50 MP + 2 MP Dual Rear &amp; 16 MP Front Camera</li>","<li class="""">Memory Card (Hybrid), upto 1 TB</li>","<li class="""">Android v14</li>"
57,Poco X6 5G,"<img alt=""Poco X6 5G"" class=""sm-img"" loading=""lazy"" src=""https://cdn1.smartprix.com/rx-ieA6DEb96-w280-h280/poco-x6-5g.webp""/>","₹19,999",81,"<li class="""">Dual Sim, 3G, 4G, 5G, VoLTE, Wi-Fi, IR Blaster</li>","<li class="""">Snapdragon 7s Gen 2, Octa Core, 2.4 GHz Processor</li>","<li class="""">8 GB RAM, 256 GB inbuilt</li>","<li class="""">5100 mAh Battery with 67W Fast Charging</li>","<li class="""">6.67 inches, 1220 x 2712 px, 120 Hz Display with Punch Hole</li>","<li class="""">64 MP + 8 MP + 2 MP Triple Rear &amp; 16 MP Front Camera</li>","<li class="""">Android v13</li>",
58,Samsung Galaxy S23 Ultra 5G,"<img alt=""Samsung Galaxy S23 Ultra 5G"" class=""sm-img"" loading=""lazy"" src=""https://cdn1.smartprix.com/rx-irL4aiWU6-w280-h280/samsung-galaxy-s23-u.webp""/>","₹92,170",94,"<li class="""">Dual Sim, 3G, 4G, 5G, VoLTE, Vo5G, Wi-Fi, NFC</li>","<li class="""">Snapdragon 8 Gen 2, Octa Core, 3.36 GHz Processor</li>","<li class="""">12 GB RAM, 256 GB inbuilt</li>","<li class="""">5000 mAh Battery with 45W Fast Charging</li>","<li class="""">6.8 inches, 1440 x 3088 px, 120 Hz Display with Punch Hole</li>","<li class="""">200 MP Quad Rear &amp; 12 MP Front Camera</li>","<li class="""">Android v13</li>",
59,Samsung Galaxy A15 5G,"<img alt=""Samsung Galaxy A15 5G"" class=""sm-img"" loading=""lazy"" src=""https://cdn1.smartprix.com/rx-ixGAuygHf-w280-h280/samsung-galaxy-a15-5.webp""/>","₹19,499",81,"<li class="""">Dual Sim, 3G, 4G, 5G, VoLTE, Wi-Fi</li>","<li class="""">Dimensity 6100 Plus, Octa Core, 2.2 GHz Processor</li>","<li class="""">8 GB RAM, 128 GB inbuilt</li>","<li class="""">5000 mAh Battery with 25W Fast Charging</li>","<li class="""">6.5 inches, 1080 x 2340 px, 90 Hz Display with Water Drop Notch</li>","<li class="""">50 MP + 5 MP + 2 MP Triple Rear &amp; 13 MP Front Camera</li>","<li class="""">Memory Card (Hybrid), upto 1 TB</li>","<li class="""">Android v14</li>"
60,Honor 90 5G,"<img alt=""Honor 90 5G"" class=""sm-img"" loading=""lazy"" src=""https://cdn1.smartprix.com/rx-iSVJr9drD-w280-h280/honor-90-5g.webp""/>","₹25,499",89,"<li class="""">Dual Sim, 3G, 4G, 5G, VoLTE, Wi-Fi, NFC</li>","<li class="""">Snapdragon 7 Gen 1 Accelerated Edition, Octa Core, 2.36 GHz Processor</li>","<li class="""">8 GB RAM, 256 GB inbuilt</li>","<li class="""">5000 mAh Battery with 66W Fast Charging</li>","<li class="""">6.7 inches, 1200 x 2664 px, 120 Hz Display with Punch Hole</li>","<li class="""">200 MP + 12 MP + 2 MP Triple Rear &amp; 50 MP Front Camera</li>","<li class="""">Android v13</li>",
61,Samsung Galaxy S23 FE 5G,"<img alt=""Samsung Galaxy S23 FE 5G"" class=""sm-img"" loading=""lazy"" src=""https://cdn1.smartprix.com/rx-iJdjtWe2x-w280-h280/samsung-galaxy-s23-f.webp""/>","₹53,999",85,"<li class="""">Dual Sim, 3G, 4G, 5G, VoLTE, Vo5G, Wi-Fi, NFC</li>","<li class="""">Exynos 2200, Octa Core, 2.8 GHz Processor</li>","<li class="""">8 GB RAM, 128 GB inbuilt</li>","<li class="""">4500 mAh Battery with 25W Fast Charging</li>","<li class="""">6.4 inches, 1080 x 2340 px, 120 Hz Display with Punch Hole</li>","<li class="""">50 MP + 12 MP + 8 MP Triple Rear &amp; 10 MP Front Camera</li>","<li class="""">Android v13</li>",
62,Infinix Note 30 5G (8GB RAM + 256GB),"<img alt=""Infinix Note 30 5G (8GB RAM + 256GB)"" class=""sm-img"" loading=""lazy"" src=""https://cdn1.smartprix.com/rx-iHhiBfhfP-w280-h280/infinix-note-30-5g-8.webp""/>","₹15,499",87,"<li class="""">Dual Sim, 3G, 4G, 5G, VoLTE, Wi-Fi, NFC</li>","<li class="""">Dimensity 6080, Octa Core, 2.4 GHz Processor</li>","<li class="""">8 GB RAM, 256 GB inbuilt</li>","<li class="""">5000 mAh Battery with 45W Fast Charging</li>","<li class="""">6.78 inches, 1080 x 2460 px, 120 Hz Display with Punch Hole</li>","<li class="""">108 MP + 2 MP Triple Rear &amp; 16 MP Front Camera</li>","<li class="""">Memory Card Supported, upto 2 TB</li>","<li class="""">Android v13</li>"
63,Vivo V30 Pro (12GB RAM + 512GB),"<img alt=""Vivo V30 Pro (12GB RAM + 512GB)"" class=""sm-img"" loading=""lazy"" src=""https://cdn1.smartprix.com/rx-iaIo0C7tN-w280-h280/vivo-v30-pro-12gb-ra.webp""/>","₹45,999",88,"<li class="""">Dual Sim, 3G, 4G, 5G, VoLTE, Wi-Fi</li>","<li class="""">Dimensity 8200, Octa Core, 3.1 GHz Processor</li>","<li class="""">12 GB RAM, 512 GB inbuilt</li>","<li class="""">5000 mAh Battery with 80W Fast Charging</li>","<li class="""">6.78 inches, 1260 x 2800 px, 120 Hz Display with Punch Hole</li>","<li class="""">50 MP + 50 MP + 50 MP Triple Rear &amp; 50 MP Front Camera</li>","<li class="""">Android v14</li>",
64,Realme Narzo 70 Pro 5G,"<img alt=""Realme Narzo 70 Pro 5G"" class=""sm-img"" loading=""lazy"" src=""https://cdn1.smartprix.com/rx-i7fH1IcHD-w280-h280/realme-narzo-70-pro.webp""/>","₹19,035",83,"<li class="""">Dual Sim, 3G, 4G, 5G, VoLTE, Wi-Fi</li>","<li class="""">Dimensity 7050, Octa Core, 2.6 GHz Processor</li>","<li class="""">8 GB RAM, 128 GB inbuilt</li>","<li class="""">5000 mAh Battery with 67W Fast Charging</li>","<li class="""">6.67 inches, 1080 x 2400 px, 120 Hz Display with Punch Hole</li>","<li class="""">50 MP + 8 MP + 2 MP Triple Rear &amp; 16 MP Front Camera</li>","<li class="""">Memory Card (Hybrid), upto 2 TB</li>","<li class="""">Android v14</li>"
65,Samsung Galaxy A14 5G (8GB RAM + 128GB),"<img alt=""Samsung Galaxy A14 5G (8GB RAM + 128GB)"" class=""sm-img"" loading=""lazy"" src=""https://cdn1.smartprix.com/rx-i8VSRseH2-w280-h280/samsung-galaxy-a14-5.webp""/>","₹13,599",82,"<li class="""">Dual Sim, 3G, 4G, 5G, VoLTE, Wi-Fi</li>","<li class="""">Exynos 1330, Octa Core, 2.4 GHz Processor</li>","<li class="""">8 GB RAM, 128 GB inbuilt</li>","<li class="""">5000 mAh Battery with 15W Fast Charging</li>","<li class="""">6.6 inches, 1080 x 2408 px, 90 Hz Display with Water Drop Notch</li>","<li class="""">50 MP + 2 MP + 2 MP Triple Rear &amp; 13 MP Front Camera</li>","<li class="""">Memory Card Supported, upto 1 TB</li>","<li class="""">Android v13</li>"
66,OnePlus 12R (16GB RAM + 256GB),"<img alt=""OnePlus 12R (16GB RAM + 256GB)"" class=""sm-img"" loading=""lazy"" src=""https://cdn1.smartprix.com/rx-i4QkGSJZp-w280-h280/oneplus-12r-16gb-ram.webp""/>","₹45,444",87,"<li class="""">Dual Sim, 3G, 4G, 5G, VoLTE, Wi-Fi, NFC, IR Blaster</li>","<li class="""">Snapdragon 8 Gen2, Octa Core, 3.2 GHz Processor</li>","<li class="""">16 GB RAM, 256 GB inbuilt</li>","<li class="""">5500 mAh Battery with 100W Fast Charging</li>","<li class="""">6.78 inches, 1264 x 2780 px, 120 Hz Display with Punch Hole</li>","<li class="""">50 MP + 8 MP + 2 MP Triple Rear &amp; 16 MP Front Camera</li>","<li class="""">Android v14</li>",
67,Motorola Moto G24 Power (8GB RAM + 128GB),"<img alt=""Motorola Moto G24 Power (8GB RAM + 128GB)"" class=""sm-img"" loading=""lazy"" src=""https://cdn1.smartprix.com/rx-iiUeasxng-w280-h280/motorola-moto-g24-po.webp""/>","₹8,999",,"<li class="""">Dual Sim, 3G, 4G, VoLTE, Wi-Fi</li>","<li class="""">Helio G85, Octa Core, 2 GHz Processor</li>","<li class="""">8 GB RAM, 128 GB inbuilt</li>","<li class="""">6000 mAh Battery with 30W Fast Charging</li>","<li class="""">6.6 inches, 720 x 1612 px, 90 Hz Display with Punch Hole</li>","<li class="""">50 MP + 2 MP Dual Rear &amp; 16 MP Front Camera</li>","<li class="""">Memory Card Supported, upto 1 TB</li>","<li class="""">Android v14</li>"
68,Xiaomi Redmi Note 12 (6GB RAM + 128GB),"<img alt=""Xiaomi Redmi Note 12 (6GB RAM + 128GB)"" class=""sm-img"" loading=""lazy"" src=""https://cdn1.smartprix.com/rx-iSZ7WoqTz-w280-h280/xiaomi-redmi-note-12.webp""/>","₹12,239",80,"<li class="""">Dual Sim, 3G, 4G, 5G, VoLTE, Wi-Fi, IR Blaster</li>","<li class="""">Snapdragon 4 Gen 1, Octa Core, 2 GHz Processor</li>","<li class="""">6 GB RAM, 128 GB inbuilt</li>","<li class="""">5000 mAh Battery with 33W Fast Charging</li>","<li class="""">6.67 inches, 1080 x 2400 px, 120 Hz Display with Punch Hole</li>","<li class="""">48 MP + 8 MP + 2 MP Triple Rear &amp; 13 MP Front Camera</li>","<li class="""">Memory Card (Hybrid), upto 1 TB</li>","<li class="""">Android v12</li>"
69,Vivo V29e,"<img alt=""Vivo V29e"" class=""sm-img"" loading=""lazy"" src=""https://cdn1.smartprix.com/rx-iy2wIvPwa-w280-h280/vivo-v29e.webp""/>","₹24,280",85,"<li class="""">Dual Sim, 3G, 4G, 5G, VoLTE, Wi-Fi, NFC</li>","<li class="""">Snapdragon  695, Octa Core, 2.2 GHz Processor</li>","<li class="""">8 GB RAM, 128 GB inbuilt</li>","<li class="""">5000 mAh Battery with 44W Fast Charging</li>","<li class="""">6.78 inches, 1080 x 2400 px, 120 Hz Display with Punch Hole</li>","<li class="""">64 MP + 8 MP Dual Rear &amp; 50 MP Front Camera</li>","<li class="""">Memory Card (Hybrid)</li>","<li class="""">Android v13</li>"
70,Nothing Phone 2,"<img alt=""Nothing Phone 2"" class=""sm-img"" loading=""lazy"" src=""https://cdn1.smartprix.com/rx-ik0pyXzsv-w280-h280/nothing-phone-2.webp""/>","₹35,999",88,"<li class="""">Dual Sim, 3G, 4G, 5G, VoLTE, Wi-Fi, NFC</li>","<li class="""">Snapdragon 8+ Gen1, Octa Core, 3.2 GHz Processor</li>","<li class="""">8 GB RAM, 128 GB inbuilt</li>","<li class="""">4700 mAh Battery with 45W Fast Charging</li>","<li class="""">6.7 inches, 1080 x 2412 px, 120 Hz Display with Punch Hole</li>","<li class="""">50 MP + 50 MP Dual Rear &amp; 32 MP Front Camera</li>","<li class="""">Android v13</li>",
71,Realme C67 5G,"<img alt=""Realme C67 5G"" class=""sm-img"" loading=""lazy"" src=""https://cdn1.smartprix.com/rx-iev3MZ6d8-w280-h280/realme-c67-5g.webp""/>","₹11,389",,"<li class="""">Dual Sim, 3G, 4G, 5G, VoLTE, Wi-Fi</li>","<li class="""">Dimensity 6100 Plus, Octa Core, 2.2 GHz Processor</li>","<li class="""">4 GB RAM, 128 GB inbuilt</li>","<li class="""">5000 mAh Battery with 33W Fast Charging</li>","<li class="""">6.72 inches, 1080 x 2400 px, 120 Hz Display with Punch Hole</li>","<li class="""">50 MP + 2 MP Dual Rear &amp; 8 MP Front Camera</li>","<li class="""">Memory Card Supported, upto 2 TB</li>","<li class="""">Android v13</li>"
72,Xiaomi Redmi 13C 5G,"<img alt=""Xiaomi Redmi 13C 5G"" class=""sm-img"" loading=""lazy"" src=""https://cdn1.smartprix.com/rx-iSGQ0AnrN-w280-h280/xiaomi-redmi-13c-5g.webp""/>","₹10,999",,"<li class="""">Dual Sim, 3G, 4G, 5G, VoLTE, Wi-Fi</li>","<li class="""">Dimensity 6100 Plus, Octa Core, 2.2 GHz Processor</li>","<li class="""">4 GB RAM, 128 GB inbuilt</li>","<li class="""">5000 mAh Battery with 18W Fast Charging</li>","<li class="""">6.74 inches, 720 x 1600 px, 90 Hz Display with Water Drop Notch</li>","<li class="""">50 MP + Depth Sensor Dual Rear &amp; 5 MP Front Camera</li>","<li class="""">Memory Card Supported, upto 1 TB</li>","<li class="""">Android v13</li>"
73,OPPO Reno 11 Pro 5G,"<img alt=""OPPO Reno 11 Pro 5G"" class=""sm-img"" loading=""lazy"" src=""https://cdn1.smartprix.com/rx-ic71jzGhf-w280-h280/oppo-reno-11-pro-5g.webp""/>","₹37,410",88,"<li class="""">Dual Sim, 3G, 4G, 5G, VoLTE, Wi-Fi, NFC, IR Blaster</li>","<li class="""">Dimensity 8200, Octa Core, 3.1 GHz Processor</li>","<li class="""">12 GB RAM, 256 GB inbuilt</li>","<li class="""">4600 mAh Battery with 80W Fast Charging</li>","<li class="""">6.7 inches, 1080 x 2412 px, 120 Hz Display with Punch Hole</li>","<li class="""">50 MP + 32 MP + 8 MP Triple Rear &amp; 32 MP Front Camera</li>","<li class="""">Android v14</li>",
74,iQOO Z7 Pro 5G,"<img alt=""iQOO Z7 Pro 5G"" class=""sm-img"" loading=""lazy"" src=""https://cdn1.smartprix.com/rx-iqTrpvuFI-w280-h280/iqoo-z7-pro-5g.webp""/>","₹23,999",80,"<li class="""">Dual Sim, 3G, 4G, 5G, VoLTE, Wi-Fi</li>","<li class="""">Dimensity 7200, Octa Core, 2.8 GHz Processor</li>","<li class="""">8 GB RAM, 128 GB inbuilt</li>","<li class="""">4600 mAh Battery with 66W Fast Charging</li>","<li class="""">6.78 inches, 1080 x 2400 px, 120 Hz Display with Punch Hole</li>","<li class="""">64 MP + 2 MP Dual Rear &amp; 16 MP Front Camera</li>","<li class="""">Android v13</li>",
75,Samsung Galaxy S21 FE 5G,"<img alt=""Samsung Galaxy S21 FE 5G"" class=""sm-img"" loading=""lazy"" src=""https://cdn1.smartprix.com/rx-ii3Pn8ry8-w280-h280/samsung-galaxy-s21-f.webp""/>","₹33,199",86,"<li class="""">Dual Sim, 3G, 4G, 5G, VoLTE, Wi-Fi, NFC</li>","<li class="""">Exynos 2100, Octa Core, 2.9 GHz Processor</li>","<li class="""">8 GB RAM, 128 GB inbuilt</li>","<li class="""">4500 mAh Battery with 25W Fast Charging</li>","<li class="""">6.4 inches, 1080 x 2340 px, 120 Hz Display with Punch Hole</li>","<li class="""">12 MP + 12 MP + 8 MP Triple Rear &amp; 32 MP Front Camera</li>","<li class="""">Android v12</li>",
76,Xiaomi Redmi 12 5G (6GB RAM + 128GB),"<img alt=""Xiaomi Redmi 12 5G (6GB RAM + 128GB)"" class=""sm-img"" loading=""lazy"" src=""https://cdn1.smartprix.com/rx-iHDQ4Z3gJ-w280-h280/xiaomi-redmi-12-5g-6.webp""/>","₹12,412",,"<li class="""">Dual Sim, 3G, 4G, 5G, VoLTE, Wi-Fi, IR Blaster</li>","<li class="""">Snapdragon 4 Gen2, Octa Core, 2.2 GHz Processor</li>","<li class="""">6 GB RAM, 128 GB inbuilt</li>","<li class="""">5000 mAh Battery with 18W Fast Charging</li>","<li class="""">6.79 inches, 1080 x 2460 px, 90 Hz Display with Punch Hole</li>","<li class="""">50 MP + 2 MP Dual Rear &amp; 8 MP Front Camera</li>","<li class="""">Memory Card (Hybrid), upto 1 TB</li>","<li class="""">Android v13</li>"
77,Apple iPhone 14,"<img alt=""Apple iPhone 14"" class=""sm-img"" loading=""lazy"" src=""https://cdn1.smartprix.com/rx-iVyp4t2Vm-w280-h280/apple-iphone-14.webp""/>","₹58,999",80,"<li class="""">Dual Sim, 3G, 4G, 5G, VoLTE, Wi-Fi, NFC</li>","<li class="""">Bionic A15, Hexa Core, 3.22 GHz Processor</li>","<li class="""">6 GB RAM, 128 GB inbuilt</li>","<li class="""">3279 mAh Battery with Fast Charging</li>","<li class="""">6.1 inches, 1170 x 2532 px Display with Small Notch</li>","<li class="""">12 MP + 12 MP Dual Rear &amp; 12 MP Front Camera</li>","<li class="""">iOS v16</li>",
78,Infinix Zero 30 5G (12GB RAM + 256GB),"<img alt=""Infinix Zero 30 5G (12GB RAM + 256GB)"" class=""sm-img"" loading=""lazy"" src=""https://cdn1.smartprix.com/rx-iDY8fcOJw-w280-h280/infinix-zero-30-5g-1.webp""/>","₹22,997",88,"<li class="""">Dual Sim, 3G, 4G, 5G, VoLTE, Wi-Fi, NFC</li>","<li class="""">Dimensity 8020, Octa Core, 2.6 GHz Processor</li>","<li class="""">12 GB RAM, 256 GB inbuilt</li>","<li class="""">5000 mAh Battery with 68W Fast Charging</li>","<li class="""">6.78 inches, 1080 x 2400 px, 144 Hz Display with Punch Hole</li>","<li class="""">108 MP + 13 MP + 2 MP Triple Rear &amp; 50 MP Front Camera</li>","<li class="""">Android v13</li>","<li class="""">Bluetooth</li>"
79,iQOO Z7s 5G,"<img alt=""iQOO Z7s 5G"" class=""sm-img"" loading=""lazy"" src=""https://cdn1.smartprix.com/rx-i9D1kFitS-w280-h280/iqoo-z7s-5g.webp""/>","₹14,999",80,"<li class="""">Dual Sim, 3G, 4G, 5G, VoLTE, Wi-Fi</li>","<li class="""">Snapdragon 695, Octa Core, 2.2 GHz Processor</li>","<li class="""">6 GB RAM, 128 GB inbuilt</li>","<li class="""">4500 mAh Battery with 44W Fast Charging</li>","<li class="""">6.38 inches, 1080 x 2388 px, 90 Hz Display with Water Drop Notch</li>","<li class="""">64 MP + 2 MP Dual Rear &amp; 16 MP Front Camera</li>","<li class="""">Memory Card Supported, upto 1 TB</li>","<li class="""">Android v13</li>"
80,Samsung Galaxy M34 5G,"<img alt=""Samsung Galaxy M34 5G"" class=""sm-img"" loading=""lazy"" src=""https://cdn1.smartprix.com/rx-iRTKzK37t-w280-h280/samsung-galaxy-m34-5.webp""/>","₹15,980",82,"<li class="""">Dual Sim, 3G, 4G, 5G, VoLTE, Wi-Fi, NFC</li>","<li class="""">Exynos 1280 , Octa Core, 2.4 GHz Processor</li>","<li class="""">6 GB RAM, 128 GB inbuilt</li>","<li class="""">6000 mAh Battery with 25W Fast Charging</li>","<li class="""">6.5 inches, 1080 x 2340 px, 120 Hz Display with Water Drop Notch</li>","<li class="""">50 MP + 8 MP + 2 MP Triple Rear &amp; 13 MP Front Camera</li>","<li class="""">Memory Card (Hybrid), upto 1 TB</li>","<li class="""">Android v13</li>"
81,Xiaomi Redmi Note 13 5G (8GB RAM + 256GB),"<img alt=""Xiaomi Redmi Note 13 5G (8GB RAM + 256GB)"" class=""sm-img"" loading=""lazy"" src=""https://cdn1.smartprix.com/rx-iWaOIyTl6-w280-h280/xiaomi-redmi-note-13.webp""/>","₹19,163",84,"<li class="""">Dual Sim, 3G, 4G, 5G, VoLTE, Vo5G, Wi-Fi, IR Blaster</li>","<li class="""">Dimensity 6080, Octa Core, 2.4 GHz Processor</li>","<li class="""">8 GB RAM, 256 GB inbuilt</li>","<li class="""">5000 mAh Battery with 33W Fast Charging</li>","<li class="""">6.67 inches, 1080 x 2400 px, 120 Hz Display with Punch Hole</li>","<li class="""">108 MP + 8 MP + 2 MP Triple Rear &amp; 16 MP Front Camera</li>","<li class="""">Memory Card Supported, upto 1 TB</li>","<li class="""">Android v13</li>"
82,Tecno Pova 6 Pro (12GB RAM + 256GB),"<img alt=""Tecno Pova 6 Pro (12GB RAM + 256GB)"" class=""sm-img"" loading=""lazy"" src=""https://cdn1.smartprix.com/rx-iLtCCm7jK-w280-h280/tecno-pova-6-pro-12g.webp""/>","₹21,999",88,"<li class="""">Dual Sim, 3G, 4G, 5G, VoLTE, Vo5G, Wi-Fi, NFC, IR Blaster</li>","<li class="""">Dimensity 6080, Octa Core, 2.4 GHz Processor</li>","<li class="""">12 GB RAM, 256 GB inbuilt</li>","<li class="""">6000 mAh Battery with 70W Fast Charging</li>","<li class="""">6.78 inches, 1080 x 2436 px, 120 Hz Display with Punch Hole</li>","<li class="""">108 MP + 2 MP + 0.08 MP Triple Rear &amp; 32 MP Front Camera</li>","<li class="""">Memory Card Supported, upto 1 TB</li>","<li class="""">Android v14</li>"
83,OnePlus 11R 5G,"<img alt=""OnePlus 11R 5G"" class=""sm-img"" loading=""lazy"" src=""https://cdn1.smartprix.com/rx-iTWs9Sy4Y-w280-h280/oneplus-11r-5g.webp""/>","₹35,999",85,"<li class="""">Dual Sim, 3G, 4G, 5G, VoLTE, Wi-Fi, NFC, IR Blaster</li>","<li class="""">Snapdragon 8+ Gen1, Octa Core, 3.2 GHz Processor</li>","<li class="""">8 GB RAM, 128 GB inbuilt</li>","<li class="""">5000 mAh Battery with 100W Fast Charging</li>","<li class="""">6.74 inches, 1240 x 2772 px, 120 Hz Display with Punch Hole</li>","<li class="""">50 MP + 8 MP + 2 MP Triple Rear &amp; 16 MP Front Camera</li>","<li class="""">Android v13</li>",
84,Apple iPhone 15 Pro Max,"<img alt=""Apple iPhone 15 Pro Max"" class=""sm-img"" loading=""lazy"" src=""https://cdn1.smartprix.com/rx-i8JRxZbzY-w280-h280/apple-iphone-15-pro.webp""/>","₹1,48,900",89,"<li class="""">Dual Sim, 3G, 4G, 5G, VoLTE, Wi-Fi, NFC</li>","<li class="""">Bionic  A17 Pro, Hexa Core, 3.78 GHz Processor</li>","<li class="""">8 GB RAM, 256 GB inbuilt</li>","<li class="""">4422 mAh Battery with Fast Charging</li>","<li class="""">6.7 inches, 1290 x 2796 px, 120 Hz Display with Dynamic Island</li>","<li class="""">48 MP + 12 MP + 12 MP Triple Rear &amp; 12 MP Front Camera</li>","<li class="""">iOS v17</li>",
85,Vivo Y200e 5G,"<img alt=""Vivo Y200e 5G"" class=""sm-img"" loading=""lazy"" src=""https://cdn1.smartprix.com/rx-iB8ZiP27V-w280-h280/vivo-y200e-5g.webp""/>","₹19,999",,"<li class="""">Dual Sim, 3G, 4G, 5G, VoLTE, Wi-Fi</li>","<li class="""">Snapdragon 4 Gen2, Octa Core, 2.2 GHz Processor</li>","<li class="""">6 GB RAM, 128 GB inbuilt</li>","<li class="""">5000 mAh Battery with 44W Fast Charging</li>","<li class="""">6.67 inches, 1080 x 2400 px, 120 Hz Display with Punch Hole</li>","<li class="""">50 MP + 2 MP Dual Rear &amp; 16 MP Front Camera</li>","<li class="""">Memory Card (Hybrid), upto 1 TB</li>","<li class="""">Android v14</li>"
86,Apple iPhone 13,"<img alt=""Apple iPhone 13"" class=""sm-img"" loading=""lazy"" src=""https://cdn1.smartprix.com/rx-ides4J9tl-w280-h280/apple-iphone-13.webp""/>","₹51,499",,"<li class="""">Dual Sim, 3G, 4G, 5G, VoLTE, Wi-Fi, NFC</li>","<li class="""">Bionic A15, Hexa Core, 3.22 GHz Processor</li>","<li class="""">4 GB RAM, 128 GB inbuilt</li>","<li class="""">3240 mAh Battery with Fast Charging</li>","<li class="""">6.1 inches, 1170 x 2532 px Display with Small Notch</li>","<li class="""">12 MP + 12 MP Dual Rear &amp; 12 MP Front Camera</li>","<li class="""">iOS v15</li>",
87,iQOO Z9 5G (8GB RAM + 256GB),"<img alt=""iQOO Z9 5G (8GB RAM + 256GB)"" class=""sm-img"" loading=""lazy"" src=""https://cdn1.smartprix.com/rx-iMsqBg5d5-w280-h280/iqoo-z9-5g-8gb-ram-2.webp""/>","₹21,999",84,"<li class="""">Dual Sim, 3G, 4G, 5G, VoLTE, Wi-Fi</li>","<li class="""">Dimensity 7200, Octa Core, 2.8 GHz Processor</li>","<li class="""">8 GB RAM, 256 GB inbuilt</li>","<li class="""">5000 mAh Battery with 44W Fast Charging</li>","<li class="""">6.67 inches, 1080 x 2400 px, 120 Hz Display with Punch Hole</li>","<li class="""">50 MP + 2 MP Dual Rear &amp; 16 MP Front Camera</li>","<li class="""">Memory Card (Hybrid), upto 1 TB</li>","<li class="""">Android v14</li>"
88,Xiaomi 14,"<img alt=""Xiaomi 14"" class=""sm-img"" loading=""lazy"" src=""https://cdn1.smartprix.com/rx-iX75OKrrV-w280-h280/xiaomi-14.webp""/>","₹69,999",92,"<li class="""">Dual Sim, 3G, 4G, 5G, VoLTE, Vo5G, Wi-Fi, NFC, IR Blaster</li>","<li class="""">Snapdragon 8 Gen3, Octa Core, 3.3 GHz Processor</li>","<li class="""">12 GB RAM, 512 GB inbuilt</li>","<li class="""">4610 mAh Battery with 90W Fast Charging</li>","<li class="""">6.36 inches, 1200 x 2670 px, 120 Hz Display with Punch Hole</li>","<li class="""">50 MP + 50 MP + 50 MP Triple Rear &amp; 32 MP Front Camera</li>","<li class="""">Android v14</li>",
89,Samsung Galaxy M14,"<img alt=""Samsung Galaxy M14"" class=""sm-img"" loading=""lazy"" src=""https://cdn1.smartprix.com/rx-iLbfJZtNo-w280-h280/samsung-galaxy-m14.webp""/>","₹11,395",,"<li class="""">Dual Sim, 3G, 4G, 5G, VoLTE, Wi-Fi</li>","<li class="""">Exynos 1330, Octa Core, 2.4 GHz Processor</li>","<li class="""">4 GB RAM, 128 GB inbuilt</li>","<li class="""">6000 mAh Battery with 25W Fast Charging</li>","<li class="""">6.6 inches, 1080 x 2408 px, 90 Hz Display with Water Drop Notch</li>","<li class="""">50 MP + 2 MP + 2 MP Triple Rear &amp; 13 MP Front Camera</li>","<li class="""">Memory Card Supported, upto 1 TB</li>","<li class="""">Android v13</li>"
90,Nothing Phone 2a (12GB RAM + 256GB),"<img alt=""Nothing Phone 2a (12GB RAM + 256GB)"" class=""sm-img"" loading=""lazy"" src=""https://cdn1.smartprix.com/rx-iTuKfUn7c-w280-h280/nothing-phone-2a-12g.webp""/>","₹27,999",87,"<li class="""">Dual Sim, 3G, 4G, 5G, VoLTE, Wi-Fi, NFC</li>","<li class="""">Dimensity 7200 Pro, Octa Core, 2.8 GHz Processor</li>","<li class="""">12 GB RAM, 256 GB inbuilt</li>","<li class="""">5000 mAh Battery with 45W Fast Charging</li>","<li class="""">6.7 inches, 1084 x 2412 px, 120 Hz Display with Punch Hole</li>","<li class="""">50 MP + 50 MP Dual Rear &amp; 32 MP Front Camera</li>","<li class="""">Android v14</li>",
91,Vivo T2x 5G,"<img alt=""Vivo T2x 5G"" class=""sm-img"" loading=""lazy"" src=""https://cdn1.smartprix.com/rx-iirMZdoNi-w280-h280/vivo-t2x-5g.webp""/>","₹11,999",,"<li class="""">Dual Sim, 3G, 4G, 5G, VoLTE, Wi-Fi</li>","<li class="""">Dimensity 6020, Octa Core, 2.2 GHz Processor</li>","<li class="""">4 GB RAM, 128 GB inbuilt</li>","<li class="""">5000 mAh Battery with 18W Fast Charging</li>","<li class="""">6.58 inches, 1080 x 2408 px Display with Water Drop Notch</li>","<li class="""">50 MP + 2 MP Dual Rear &amp; 8 MP Front Camera</li>","<li class="""">Memory Card (Hybrid), upto 1 TB</li>","<li class="""">Android v13</li>"
92,Realme 12 Plus 5G (8GB RAM + 256GB),"<img alt=""Realme 12 Plus 5G (8GB RAM + 256GB)"" class=""sm-img"" loading=""lazy"" src=""https://cdn1.smartprix.com/rx-iUyGoU2rR-w280-h280/realme-12-plus-5g-8g.webp""/>","₹20,990",84,"<li class="""">Dual Sim, 3G, 4G, 5G, VoLTE, Wi-Fi</li>","<li class="""">Dimensity 7050, Octa Core, 2.6 GHz Processor</li>","<li class="""">8 GB RAM, 256 GB inbuilt</li>","<li class="""">5000 mAh Battery with 67W Fast Charging</li>","<li class="""">6.67 inches, 1080 x 2400 px, 120 Hz Display with Punch Hole</li>","<li class="""">50 MP + 8 MP + 2 MP Triple Rear &amp; 16 MP Front Camera</li>","<li class="""">Memory Card (Hybrid), upto 2 TB</li>","<li class="""">Android v14</li>"
93,Poco M6 5G,"<img alt=""Poco M6 5G"" class=""sm-img"" loading=""lazy"" src=""https://cdn1.smartprix.com/rx-iJmKCLd2L-w280-h280/poco-m6-5g.webp""/>","₹9,499",,"<li class="""">Dual Sim, 3G, 4G, 5G, VoLTE, Wi-Fi, IR Blaster</li>","<li class="""">Dimensity 6100 Plus, Octa Core, 2.2 GHz Processor</li>","<li class="""">4 GB RAM, 128 GB inbuilt</li>","<li class="""">5000 mAh Battery with 18W Fast Charging</li>","<li class="""">6.74 inches, 720 x 1650 px, 90 Hz Display with Punch Hole</li>","<li class="""">50 MP Dual Rear &amp; 5 MP Front Camera</li>","<li class="""">Memory Card Supported, upto 1 TB</li>","<li class="""">Android v13</li>"
94,Realme 12 Pro Plus 5G (12GB RAM + 256GB),"<img alt=""Realme 12 Pro Plus 5G (12GB RAM + 256GB)"" class=""sm-img"" loading=""lazy"" src=""https://cdn1.smartprix.com/rx-iWOrPVQHV-w280-h280/realme-12-pro-plus-5.webp""/>","₹30,749",86,"<li class="""">Dual Sim, 3G, 4G, 5G, VoLTE, Wi-Fi</li>","<li class="""">Snapdragon 7s Gen2, Octa Core, 2.4 GHz Processor</li>","<li class="""">12 GB RAM, 256 GB inbuilt</li>","<li class="""">5000 mAh Battery with 67W Fast Charging</li>","<li class="""">6.7 inches, 1080 x 2412 px, 120 Hz Display with Punch Hole</li>","<li class="""">64 MP + 50 MP + 8 MP Triple Rear &amp; 32 MP Front Camera</li>","<li class="""">Android v14</li>",
95,Realme Narzo 60X,"<img alt=""Realme Narzo 60X"" class=""sm-img"" loading=""lazy"" src=""https://cdn1.smartprix.com/rx-iZWCSf0m6-w280-h280/realme-narzo-60x.webp""/>","₹10,999",,"<li class="""">Dual Sim, 3G, 4G, 5G, VoLTE, Wi-Fi</li>","<li class="""">Dimensity 6100 Plus, Octa Core, 2.2 GHz Processor</li>","<li class="""">4 GB RAM, 128 GB inbuilt</li>","<li class="""">5000 mAh Battery with 33W Fast Charging</li>","<li class="""">6.72 inches, 1080 x 2400 px, 120 Hz Display with Punch Hole</li>","<li class="""">50 MP + 2 MP Dual Rear &amp; 8 MP Front Camera</li>","<li class="""">Memory Card Supported, upto 2 TB</li>","<li class="""">Android v13</li>"
96,Realme 11x 5G,"<img alt=""Realme 11x 5G"" class=""sm-img"" loading=""lazy"" src=""https://cdn1.smartprix.com/rx-i04KzNQ16-w280-h280/realme-11x-5g.webp""/>","₹14,999",,"<li class="""">Dual Sim, 3G, 4G, 5G, VoLTE, Wi-Fi</li>","<li class="""">Dimensity 6100 Plus, Octa Core, 2.2 GHz Processor</li>","<li class="""">6 GB RAM, 128 GB inbuilt</li>","<li class="""">5000 mAh Battery with 33W Fast Charging</li>","<li class="""">6.72 inches, 1080 x 2400 px, 120 Hz Display with Punch Hole</li>","<li class="""">64 MP + 2 MP Dual Rear &amp; 8 MP Front Camera</li>","<li class="""">Memory Card Supported, upto 2 TB</li>","<li class="""">Android v13</li>"
97,iQOO 12 5G,"<img alt=""iQOO 12 5G"" class=""sm-img"" loading=""lazy"" src=""https://cdn1.smartprix.com/rx-i1JG6Q2RP-w280-h280/iqoo-12-5g.webp""/>","₹52,999",89,"<li class="""">Dual Sim, 3G, 4G, 5G, VoLTE, Wi-Fi, NFC, IR Blaster</li>","<li class="""">Snapdragon 8 Gen3, Octa Core, 3.3 GHz Processor</li>","<li class="""">12 GB RAM, 256 GB inbuilt</li>","<li class="""">5000 mAh Battery with 120W Fast Charging</li>","<li class="""">6.78 inches, 1260 x 2800 px, 144 Hz Display with Punch Hole</li>","<li class="""">64 MP + 50 MP + 50 MP Triple Rear &amp; 16 MP Front Camera</li>","<li class="""">Android v14</li>",
98,Samsung Galaxy S20 FE 5G,"<img alt=""Samsung Galaxy S20 FE 5G"" class=""sm-img"" loading=""lazy"" src=""https://cdn1.smartprix.com/rx-i2KgV4jIM-w280-h280/samsung-galaxy-s20-f.webp""/>","₹26,485",88,"<li class="""">Dual Sim, 3G, 4G, 5G, VoLTE, Wi-Fi, NFC</li>","<li class="""">Snapdragon 865, Octa Core, 2.84 GHz Processor</li>","<li class="""">8 GB RAM, 128 GB inbuilt</li>","<li class="""">4500 mAh Battery with Fast Charging</li>","<li class="""">6.5 inches, 1080 x 2400 px, 120 Hz Display with Punch Hole</li>","<li class="""">12 MP + 12 MP + 8 MP Triple Rear &amp; 32 MP Front Camera</li>","<li class="""">Memory Card (Hybrid)</li>","<li class="""">Android v10</li>"
99,Samsung Galaxy M15 5G,"<img alt=""Samsung Galaxy M15 5G"" class=""sm-img"" loading=""lazy"" src=""https://cdn1.smartprix.com/rx-iL7JqdFUc-w280-h280/samsung-galaxy-m15-5.webp""/>","₹13,999",,"<li class="""">Dual Sim, 3G, 4G, 5G, VoLTE, Wi-Fi</li>","<li class="""">Dimensity 6100 Plus, Octa Core, 2.2 GHz Processor</li>","<li class="""">4 GB RAM, 128 GB inbuilt</li>","<li class="""">6000 mAh Battery with 25W Fast Charging</li>","<li class="""">6.5 inches, 1080 x 2340 px, 90 Hz Display with Water Drop Notch</li>","<li class="""">50 MP + 5 MP + 2 MP Triple Rear &amp; 13 MP Front Camera</li>","<li class="""">Memory Card Supported, upto 1 TB</li>","<li class="""">Android v14</li>"
100,Vivo T2 5G,"<img alt=""Vivo T2 5G"" class=""sm-img"" loading=""lazy"" src=""https://cdn1.smartprix.com/rx-ihy7AIBjk-w280-h280/vivo-t2-5g.webp""/>","₹15,999",,"<li class="""">Dual Sim, 3G, 4G, 5G, VoLTE, Wi-Fi</li>","<li class="""">Snapdragon 695, Octa Core, 2.2 GHz Processor</li>","<li class="""">6 GB RAM, 128 GB inbuilt</li>","<li class="""">4500 mAh Battery with 44W Fast Charging</li>","<li class="""">6.38 inches, 1080 x 2400 px, 90 Hz Display with Water Drop Notch</li>","<li class="""">64 MP + 2 MP Dual Rear &amp; 16 MP Front Camera</li>","<li class="""">Memory Card (Hybrid), upto 1 TB</li>","<li class="""">Android v13</li>"
101,Apple iPhone 15 Plus,"<img alt=""Apple iPhone 15 Plus"" class=""sm-img"" loading=""lazy"" src=""https://cdn1.smartprix.com/rx-iBzbDITOc-w280-h280/apple-iphone-15-plus.webp""/>","₹80,990",84,"<li class="""">Dual Sim, 3G, 4G, 5G, VoLTE, Wi-Fi, NFC</li>","<li class="""">Bionic  A16, Hexa Core, 3.46 GHz Processor</li>","<li class="""">6 GB RAM, 128 GB inbuilt</li>","<li class="""">4383 mAh Battery with Fast Charging</li>","<li class="""">6.7 inches, 1290 x 2796 px Display with Dynamic Island</li>","<li class="""">48 MP + 12 MP Dual Rear &amp; 12 MP Front Camera</li>","<li class="""">iOS v17</li>",
102,Nothing Phone 2a (8GB RAM + 256GB),"<img alt=""Nothing Phone 2a (8GB RAM + 256GB)"" class=""sm-img"" loading=""lazy"" src=""https://cdn1.smartprix.com/rx-ijjseg9ZT-w280-h280/nothing-phone-2a-8gb.webp""/>","₹25,999",86,"<li class="""">Dual Sim, 3G, 4G, 5G, VoLTE, Wi-Fi, NFC</li>","<li class="""">Dimensity 7200 Pro, Octa Core, 2.8 GHz Processor</li>","<li class="""">8 GB RAM, 256 GB inbuilt</li>","<li class="""">5000 mAh Battery with 45W Fast Charging</li>","<li class="""">6.7 inches, 1084 x 2412 px, 120 Hz Display with Punch Hole</li>","<li class="""">50 MP + 50 MP Dual Rear &amp; 32 MP Front Camera</li>","<li class="""">Android v14</li>",
103,Poco X6 Pro 5G (12GB RAM + 512GB),"<img alt=""Poco X6 Pro 5G (12GB RAM + 512GB)"" class=""sm-img"" loading=""lazy"" src=""https://cdn1.smartprix.com/rx-ip4tJtMM3-w280-h280/poco-x6-pro-5g-12gb.webp""/>","₹27,999",86,"<li class="""">Dual Sim, 3G, 4G, 5G, VoLTE, Wi-Fi, NFC, IR Blaster</li>","<li class="""">Dimensity 8300 Ultra, Octa Core, 3.35 GHz Processor</li>","<li class="""">12 GB RAM, 512 GB inbuilt</li>","<li class="""">5000 mAh Battery with 67W Fast Charging</li>","<li class="""">6.67 inches, 1220 x 2712 px, 120 Hz Display with Punch Hole</li>","<li class="""">64 MP + 8 MP + 2 MP Triple Rear &amp; 16 MP Front Camera</li>","<li class="""">Android v14</li>",
104,Poco M6 Pro 5G (8GB RAM + 256GB),"<img alt=""Poco M6 Pro 5G (8GB RAM + 256GB)"" class=""sm-img"" loading=""lazy"" src=""https://cdn1.smartprix.com/rx-iWAuQVMSs-w280-h280/poco-m6-pro-5g-8gb-r.webp""/>","₹12,499",80,"<li class="""">Dual Sim, 3G, 4G, 5G, VoLTE, Wi-Fi, IR Blaster</li>","<li class="""">Snapdragon 4 Gen2, Octa Core, 2.2 GHz Processor</li>","<li class="""">8 GB RAM, 256 GB inbuilt</li>","<li class="""">5000 mAh Battery with 18W Fast Charging</li>","<li class="""">6.79 inches, 1080 x 2460 px, 90 Hz Display with Punch Hole</li>","<li class="""">50 MP + 2 MP Dual Rear &amp; 8 MP Front Camera</li>","<li class="""">Memory Card (Hybrid), upto 1 TB</li>","<li class="""">Android v13</li>"
105,Vivo X100 5G,"<img alt=""Vivo X100 5G"" class=""sm-img"" loading=""lazy"" src=""https://cdn1.smartprix.com/rx-i1txzkgCQ-w280-h280/vivo-x100-5g.webp""/>","₹63,999",91,"<li class="""">Dual Sim, 3G, 4G, 5G, VoLTE, Wi-Fi, NFC, IR Blaster</li>","<li class="""">Dimensity 9300, Octa Core, 3.25 GHz Processor</li>","<li class="""">12 GB RAM, 256 GB inbuilt</li>","<li class="""">5000 mAh Battery with 120W Fast Charging</li>","<li class="""">6.78 inches, 1260 x 2800 px, 120 Hz Display with Punch Hole</li>","<li class="""">64 MP + 50 MP + 50 MP Triple Rear &amp; 32 MP Front Camera</li>","<li class="""">Android v14</li>",
106,Samsung Galaxy S24 5G,"<img alt=""Samsung Galaxy S24 5G"" class=""sm-img"" loading=""lazy"" src=""https://cdn1.smartprix.com/rx-itgt6Yhts-w280-h280/samsung-galaxy-s24-5.webp""/>","₹79,999",89,"<li class="""">Dual Sim, 3G, 4G, 5G, VoLTE, Vo5G, Wi-Fi, NFC</li>","<li class="""">Exynos 2400, Deca Core, 3.2 GHz Processor</li>","<li class="""">8 GB RAM, 256 GB inbuilt</li>","<li class="""">4000 mAh Battery with 25W Fast Charging</li>","<li class="""">6.2 inches, 1080 x 2340 px, 120 Hz Display with Punch Hole</li>","<li class="""">50 MP + 12 MP + 10 MP Triple Rear &amp; 12 MP Front Camera</li>","<li class="""">Android v14</li>",
107,OnePlus 12 (16GB RAM + 512GB),"<img alt=""OnePlus 12 (16GB RAM + 512GB)"" class=""sm-img"" loading=""lazy"" src=""https://cdn1.smartprix.com/rx-i0GMS7vc6-w280-h280/oneplus-12-16gb-ram.webp""/>","₹69,267",94,"<li class="""">Dual Sim, 3G, 4G, 5G, VoLTE, Vo5G, Wi-Fi, NFC, IR Blaster</li>","<li class="""">Snapdragon 8 Gen3, Octa Core, 3.3 GHz Processor</li>","<li class="""">16 GB RAM, 512 GB inbuilt</li>","<li class="""">5400 mAh Battery with 100W Fast Charging</li>","<li class="""">6.82 inches, 1440 x 3168 px, 120 Hz Display with Punch Hole</li>","<li class="""">64 MP + 50 MP + 48 MP Triple Rear &amp; 32 MP Front Camera</li>","<li class="""">Android v14</li>",
108,Poco M6 Pro 5G (4GB RAM + 128GB),"<img alt=""Poco M6 Pro 5G (4GB RAM + 128GB)"" class=""sm-img"" loading=""lazy"" src=""https://cdn1.smartprix.com/rx-iewFEtPFM-w280-h280/poco-m6-pro-5g-4gb-r.webp""/>","₹9,999",,"<li class="""">Dual Sim, 3G, 4G, 5G, VoLTE, Wi-Fi, IR Blaster</li>","<li class="""">Snapdragon 4 Gen2, Octa Core, 2.2 GHz Processor</li>","<li class="""">4 GB RAM, 128 GB inbuilt</li>","<li class="""">5000 mAh Battery with 18W Fast Charging</li>","<li class="""">6.79 inches, 1080 x 2460 px, 90 Hz Display with Punch Hole</li>","<li class="""">50 MP + 2 MP Dual Rear &amp; 8 MP Front Camera</li>","<li class="""">Memory Card (Hybrid), upto 1 TB</li>","<li class="""">Android v13</li>"
109,Xiaomi Redmi Note 13 Pro 5G (8GB RAM + 256GB),"<img alt=""Xiaomi Redmi Note 13 Pro 5G (8GB RAM + 256GB)"" class=""sm-img"" loading=""lazy"" src=""https://cdn1.smartprix.com/rx-i0zsxgM9i-w280-h280/xiaomi-redmi-note-13.webp""/>","₹25,990",85,"<li class="""">Dual Sim, 3G, 4G, 5G, VoLTE, Wi-Fi, IR Blaster</li>","<li class="""">Snapdragon 7s Gen 2, Octa Core, 2.4 GHz Processor</li>","<li class="""">8 GB RAM, 256 GB inbuilt</li>","<li class="""">5100 mAh Battery with 67W Fast Charging</li>","<li class="""">6.67 inches, 1220 x 2712 px, 120 Hz Display with Punch Hole</li>","<li class="""">200 MP + 8 MP + 2 MP Triple Rear &amp; 16 MP Front Camera</li>","<li class="""">Android v13</li>",
110,Xiaomi Redmi Note 13 Pro Plus (12GB RAM + 512GB),"<img alt=""Xiaomi Redmi Note 13 Pro Plus (12GB RAM + 512GB)"" class=""sm-img"" loading=""lazy"" src=""https://cdn1.smartprix.com/rx-iUEkND4S9-w280-h280/xiaomi-redmi-note-13.webp""/>","₹33,990",88,"<li class="""">Dual Sim, 3G, 4G, 5G, VoLTE, Wi-Fi, NFC, IR Blaster</li>","<li class="""">Dimensity 7200 Ultra, Octa Core, 2.8 GHz Processor</li>","<li class="""">12 GB RAM, 512 GB inbuilt</li>","<li class="""">5000 mAh Battery with 120W Fast Charging</li>","<li class="""">6.67 inches, 1220 x 2712 px, 120 Hz Display with Punch Hole</li>","<li class="""">200 MP + 8 MP + 2 MP Triple Rear &amp; 16 MP Front Camera</li>","<li class="""">Android v13</li>",
111,OnePlus 12R (8GB RAM + 256GB),"<img alt=""OnePlus 12R (8GB RAM + 256GB)"" class=""sm-img"" loading=""lazy"" src=""https://cdn1.smartprix.com/rx-iakzXgVAH-w280-h280/oneplus-12r-8gb-ram.webp""/>","₹42,785",86,"<li class="""">Dual Sim, 3G, 4G, 5G, VoLTE, Wi-Fi, NFC, IR Blaster</li>","<li class="""">Snapdragon 8 Gen2, Octa Core, 3.2 GHz Processor</li>","<li class="""">8 GB RAM, 256 GB inbuilt</li>","<li class="""">5500 mAh Battery with 100W Fast Charging</li>","<li class="""">6.78 inches, 1264 x 2780 px, 120 Hz Display with Punch Hole</li>","<li class="""">50 MP + 8 MP + 2 MP Triple Rear &amp; 16 MP Front Camera</li>","<li class="""">Android v14</li>",
112,Xiaomi Redmi Note 12 4G,"<img alt=""Xiaomi Redmi Note 12 4G"" class=""sm-img"" loading=""lazy"" src=""https://cdn1.smartprix.com/rx-iZNxZIztl-w280-h280/xiaomi-redmi-note-12.webp""/>","₹8,799",,"<li class="""">Dual Sim, 3G, 4G, VoLTE, Wi-Fi, IR Blaster</li>","<li class="""">Snapdragon 685, Octa Core, 2.8 GHz Processor</li>","<li class="""">6 GB RAM, 64 GB inbuilt</li>","<li class="""">5000 mAh Battery with 33W Fast Charging</li>","<li class="""">6.67 inches, 1080 x 2400 px, 120 Hz Display with Punch Hole</li>","<li class="""">50 MP + 8 MP + 2 MP Triple Rear &amp; 13 MP Front Camera</li>","<li class="""">Memory Card (Hybrid), upto 1 TB</li>","<li class="""">Android v13</li>"
113,OPPO A17,"<img alt=""OPPO A17"" class=""sm-img"" loading=""lazy"" src=""https://cdn1.smartprix.com/rx-ipN4tnrld-w280-h280/oppo-a17.webp""/>","₹6,399",,"<li class="""">Dual Sim, 3G, 4G, VoLTE, Wi-Fi</li>","<li class="""">Helio G35, Octa Core, 2.3 GHz Processor</li>","<li class="""">4 GB RAM, 64 GB inbuilt</li>","<li class="""">5000 mAh Battery with Fast Charging</li>","<li class="""">6.56 inches, 720 x 1612 px Display with Water Drop Notch</li>","<li class="""">50 MP + 2 MP Dual Rear &amp; 5 MP Front Camera</li>","<li class="""">Memory Card Supported, upto 1 TB</li>","<li class="""">Android v12</li>"
114,Motorola Moto G24 Power,"<img alt=""Motorola Moto G24 Power"" class=""sm-img"" loading=""lazy"" src=""https://cdn1.smartprix.com/rx-iiUeasxng-w280-h280/motorola-moto-g24-po.webp""/>","₹7,997",,"<li class="""">Dual Sim, 3G, 4G, VoLTE, Wi-Fi</li>","<li class="""">Helio G85, Octa Core, 2 GHz Processor</li>","<li class="""">4 GB RAM, 128 GB inbuilt</li>","<li class="""">6000 mAh Battery with 30W Fast Charging</li>","<li class="""">6.6 inches, 720 x 1612 px, 90 Hz Display with Punch Hole</li>","<li class="""">50 MP + 2 MP Dual Rear &amp; 16 MP Front Camera</li>","<li class="""">Memory Card Supported, upto 1 TB</li>","<li class="""">Android v14</li>"
115,Xiaomi Redmi 13C 4G,"<img alt=""Xiaomi Redmi 13C 4G"" class=""sm-img"" loading=""lazy"" src=""https://cdn1.smartprix.com/rx-iUzY5iEnq-w280-h280/xiaomi-redmi-13c-4g.webp""/>","₹7,799",,"<li class="""">Dual Sim, 3G, 4G, VoLTE, Wi-Fi</li>","<li class="""">Helio G85, Octa Core, 2 GHz Processor</li>","<li class="""">4 GB RAM, 128 GB inbuilt</li>","<li class="""">5000 mAh Battery with 18W Fast Charging</li>","<li class="""">6.74 inches, 720 x 1600 px, 90 Hz Display with Water Drop Notch</li>","<li class="""">50 MP + 2 MP + 0.08 MP Triple Rear &amp; 8 MP Front Camera</li>","<li class="""">Memory Card Supported, upto 1 TB</li>","<li class="""">Android v13</li>"
116,Realme C53,"<img alt=""Realme C53"" class=""sm-img"" loading=""lazy"" src=""https://cdn1.smartprix.com/rx-iDtO3wcmK-w280-h280/realme-c53.webp""/>","₹8,637",,"<li class="""">Dual Sim, 3G, 4G, VoLTE, Wi-Fi</li>","<li class="""">Tiger T612, Octa Core, 1.82 GHz Processor</li>","<li class="""">4 GB RAM, 128 GB inbuilt</li>","<li class="""">5000 mAh Battery with 18W Fast Charging</li>","<li class="""">6.74 inches, 1080 x 2400 px, 90 Hz Display with Water Drop Notch</li>","<li class="""">108 MP + 2 MP Dual Rear &amp; 8 MP Front Camera</li>","<li class="""">Memory Card Supported, upto 2 TB</li>","<li class="""">Android v13</li>"
117,Realme 11,"<img alt=""Realme 11"" class=""sm-img"" loading=""lazy"" src=""https://cdn1.smartprix.com/rx-ikYCntYcZ-w280-h280/realme-11.webp""/>","₹16,769",83,"<li class="""">Dual Sim, 3G, 4G, 5G, VoLTE, Wi-Fi</li>","<li class="""">Dimensity 6100 Plus, Octa Core, 2.2 GHz Processor</li>","<li class="""">8 GB RAM, 128 GB inbuilt</li>","<li class="""">5000 mAh Battery with 67W Fast Charging</li>","<li class="""">6.72 inches, 1080 x 2400 px, 120 Hz Display with Punch Hole</li>","<li class="""">108 MP + 2 MP Dual Rear &amp; 16 MP Front Camera</li>","<li class="""">Memory Card Supported, upto 1 TB</li>","<li class="""">Android v13</li>"
118,OnePlus 11R (16GB RAM + 256GB),"<img alt=""OnePlus 11R (16GB RAM + 256GB)"" class=""sm-img"" loading=""lazy"" src=""https://cdn1.smartprix.com/rx-itKcLWDTz-w280-h280/oneplus-11r-16gb-ram.webp""/>","₹36,676",87,"<li class="""">Dual Sim, 3G, 4G, 5G, VoLTE, Wi-Fi, NFC, IR Blaster</li>","<li class="""">Snapdragon 8+ Gen1, Octa Core, 3.2 GHz Processor</li>","<li class="""">16 GB RAM, 256 GB inbuilt</li>","<li class="""">5000 mAh Battery with 100W Fast Charging</li>","<li class="""">6.74 inches, 1240 x 2772 px, 120 Hz Display with Punch Hole</li>","<li class="""">50 MP + 8 MP + 2 MP Triple Rear &amp; 16 MP Front Camera</li>","<li class="""">Android v13</li>",
119,Vivo V27,"<img alt=""Vivo V27"" class=""sm-img"" loading=""lazy"" src=""https://cdn1.smartprix.com/rx-ieBu50dsl-w280-h280/vivo-v27.webp""/>","₹30,899",85,"<li class="""">Dual Sim, 3G, 4G, 5G, VoLTE, Wi-Fi</li>","<li class="""">Dimensity 7200, Octa Core, 2.8 GHz Processor</li>","<li class="""">8 GB RAM, 128 GB inbuilt</li>","<li class="""">4600 mAh Battery with 66W Fast Charging</li>","<li class="""">6.78 inches, 1080 x 2400 px, 120 Hz Display with Punch Hole</li>","<li class="""">50 MP + 8 MP + 2 MP Triple Rear &amp; 50 MP Front Camera</li>","<li class="""">Android v13</li>",
120,Oppo F25 Pro 5G (8GB RAM + 256GB),"<img alt=""Oppo F25 Pro 5G (8GB RAM + 256GB)"" class=""sm-img"" loading=""lazy"" src=""https://cdn1.smartprix.com/rx-iTQARpDh8-w280-h280/oppo-f25-pro-5g-8gb.webp""/>","₹25,999",86,"<li class="""">Dual Sim, 3G, 4G, 5G, VoLTE, Wi-Fi</li>","<li class="""">Dimensity 7050, Octa Core, 2.6 GHz Processor</li>","<li class="""">8 GB RAM, 256 GB inbuilt</li>","<li class="""">5000 mAh Battery with 67W Fast Charging</li>","<li class="""">6.7 inches, 1080 x 2412 px, 120 Hz Display with Punch Hole</li>","<li class="""">64 MP + 8 MP + 2 MP Triple Rear &amp; 32 MP Front Camera</li>","<li class="""">Memory Card (Hybrid), upto 2 TB</li>","<li class="""">Android v14</li>"
121,Oppo A78,"<img alt=""Oppo A78"" class=""sm-img"" loading=""lazy"" src=""https://cdn1.smartprix.com/rx-iNeAizQdS-w280-h280/oppo-a78.webp""/>","₹14,399",,"<li class="""">Dual Sim, 3G, 4G, 5G, VoLTE, Wi-Fi</li>","<li class="""">Dimensity 700 5G, Octa Core, 2.2 GHz Processor</li>","<li class="""">8 GB RAM, 128 GB inbuilt</li>","<li class="""">5000 mAh Battery with 33W Fast Charging</li>","<li class="""">6.56 inches, 720 x 1612 px, 90 Hz Display with Water Drop Notch</li>","<li class="""">50 MP + 2 MP Dual Rear &amp; 8 MP Front Camera</li>","<li class="""">Memory Card Supported</li>","<li class="""">Android v12</li>"
122,Samsung Galaxy S23 5G,"<img alt=""Samsung Galaxy S23 5G"" class=""sm-img"" loading=""lazy"" src=""https://cdn1.smartprix.com/rx-ifgMKUMYY-w280-h280/samsung-galaxy-s23-5.webp""/>","₹64,999",88,"<li class="""">Dual Sim, 3G, 4G, 5G, VoLTE, Vo5G, Wi-Fi, NFC</li>","<li class="""">Snapdragon 8 Gen 2, Octa Core, 3.36 GHz Processor</li>","<li class="""">8 GB RAM, 128 GB inbuilt</li>","<li class="""">3900 mAh Battery with 25W Fast Charging</li>","<li class="""">6.1 inches, 1080 x 2340 px, 120 Hz Display with Punch Hole</li>","<li class="""">50 MP + 12 MP + 10 MP Triple Rear &amp; 12 MP Front Camera</li>","<li class="""">Android v13</li>",
123,Realme 11 Pro,"<img alt=""Realme 11 Pro"" class=""sm-img"" loading=""lazy"" src=""https://cdn1.smartprix.com/rx-i0jruRaqe-w280-h280/realme-11-pro.webp""/>","₹23,999",83,"<li class="""">Dual Sim, 3G, 4G, 5G, VoLTE, Wi-Fi</li>","<li class="""">Dimensity 7050, Octa Core, 2.6 GHz Processor</li>","<li class="""">8 GB RAM, 128 GB inbuilt</li>","<li class="""">5000 mAh Battery with 67W Fast Charging</li>","<li class="""">6.7 inches, 1080 x 2412 px, 120 Hz Display with Punch Hole</li>","<li class="""">100 MP + 2 MP Dual Rear &amp; 16 MP Front Camera</li>","<li class="""">Android v13</li>",
124,Samsung Galaxy A55 5G (12GB RAM + 256GB),"<img alt=""Samsung Galaxy A55 5G (12GB RAM + 256GB)"" class=""sm-img"" loading=""lazy"" src=""https://cdn1.smartprix.com/rx-iNheAKwJ4-w280-h280/samsung-galaxy-a55-5.webp""/>","₹43,999",89,"<li class="""">Dual Sim, 3G, 4G, 5G, VoLTE, Wi-Fi, NFC</li>","<li class="""">Exynos 1480, Octa Core, 2.7 GHz Processor</li>","<li class="""">12 GB RAM, 256 GB inbuilt</li>","<li class="""">5000 mAh Battery with 25W Fast Charging</li>","<li class="""">6.6 inches, 1080 x 2340 px, 120 Hz Display with Punch Hole</li>","<li class="""">50 MP + 12 MP + 5 MP Triple Rear &amp; 32 MP Front Camera</li>","<li class="""">Memory Card (Hybrid), upto 1 TB</li>","<li class="""">Android v14</li>"
125,Honor X9B,"<img alt=""Honor X9B"" class=""sm-img"" loading=""lazy"" src=""https://cdn1.smartprix.com/rx-ilcywUTwN-w280-h280/honor-x9b.webp""/>","₹22,890",84,"<li class="""">Dual Sim, 3G, 4G, 5G, VoLTE, Wi-Fi, NFC, IR Blaster</li>","<li class="""">Snapdragon 6 Gen1, Octa Core, 2.2 GHz Processor</li>","<li class="""">8 GB RAM, 256 GB inbuilt</li>","<li class="""">5800 mAh Battery with 35W Fast Charging</li>","<li class="""">6.78 inches, 1220 x 2652 px, 120 Hz Display with Punch Hole</li>","<li class="""">108 MP + 5 MP + 2 MP Triple Rear &amp; 16 MP Front Camera</li>","<li class="""">Android v13</li>",
126,OPPO A59 5G,"<img alt=""OPPO A59 5G"" class=""sm-img"" loading=""lazy"" src=""https://cdn1.smartprix.com/rx-iewVfgZ1g-w280-h280/oppo-a59-5g.webp""/>","₹13,999",,"<li class="""">Dual Sim, 3G, 4G, 5G, VoLTE, Wi-Fi</li>","<li class="""">Dimensity 6020, Octa Core, 2.2 GHz Processor</li>","<li class="""">4 GB RAM, 128 GB inbuilt</li>","<li class="""">5000 mAh Battery with 33W Fast Charging</li>","<li class="""">6.56 inches, 720 x 1612 px, 90 Hz Display with Punch Hole</li>","<li class="""">13 MP + 2 MP Dual Rear &amp; 8 MP Front Camera</li>","<li class="""">Memory Card Supported, upto 1 TB</li>","<li class="""">Android v13</li>"
127,Xiaomi Redmi 12 5G,"<img alt=""Xiaomi Redmi 12 5G"" class=""sm-img"" loading=""lazy"" src=""https://cdn1.smartprix.com/rx-iByMyRLrG-w280-h280/xiaomi-redmi-12-5g.webp""/>","₹11,999",,"<li class="""">Dual Sim, 3G, 4G, 5G, VoLTE, Wi-Fi, IR Blaster</li>","<li class="""">Snapdragon 4 Gen2, Octa Core, 2.2 GHz Processor</li>","<li class="""">4 GB RAM, 128 GB inbuilt</li>","<li class="""">5000 mAh Battery with 18W Fast Charging</li>","<li class="""">6.79 inches, 1080 x 2460 px, 90 Hz Display with Punch Hole</li>","<li class="""">50 MP + 2 MP Dual Rear &amp; 8 MP Front Camera</li>","<li class="""">Memory Card (Hybrid), upto 1 TB</li>","<li class="""">Android v13</li>"
128,Samsung Galaxy S21 FE (Snapdragon),"<img alt=""Samsung Galaxy S21 FE (Snapdragon)"" class=""sm-img"" loading=""lazy"" src=""https://cdn1.smartprix.com/rx-i07gfpKQu-w280-h280/samsung-galaxy-s21-f.webp""/>","₹33,999",87,"<li class="""">Dual Sim, 3G, 4G, 5G, VoLTE, Wi-Fi, NFC</li>","<li class="""">Snapdragon 888, Octa Core, 2.84 GHz Processor</li>","<li class="""">8 GB RAM, 256 GB inbuilt</li>","<li class="""">4500 mAh Battery with 25W Fast Charging</li>","<li class="""">6.4 inches, 1080 x 2340 px, 120 Hz Display with Punch Hole</li>","<li class="""">12 MP + 12 MP + 8 MP Triple Rear &amp; 32 MP Front Camera</li>","<li class="""">Android v13</li>",
129,Samsung Galaxy F34 5G,"<img alt=""Samsung Galaxy F34 5G"" class=""sm-img"" loading=""lazy"" src=""https://cdn1.smartprix.com/rx-iek9kpx4D-w280-h280/samsung-galaxy-f34-5.webp""/>","₹15,990",83,"<li class="""">Dual Sim, 3G, 4G, 5G, VoLTE, Wi-Fi, NFC</li>","<li class="""">Exynos 1280, Octa Core, 2.4 GHz Processor</li>","<li class="""">6 GB RAM, 128 GB inbuilt</li>","<li class="""">6000 mAh Battery with 25W Fast Charging</li>","<li class="""">6.5 inches, 1080 x 2340 px, 120 Hz Display with Water Drop Notch</li>","<li class="""">50 MP + 8 MP + 2 MP Triple Rear &amp; 13 MP Front Camera</li>","<li class="""">Memory Card (Hybrid), upto 1 TB</li>","<li class="""">Android v13</li>"
130,Samsung Galaxy F14 5G,"<img alt=""Samsung Galaxy F14 5G"" class=""sm-img"" loading=""lazy"" src=""https://cdn1.smartprix.com/rx-ixE88Xyyt-w280-h280/samsung-galaxy-f14-5.webp""/>","₹10,990",,"<li class="""">Dual Sim, 3G, 4G, 5G, VoLTE, Wi-Fi</li>","<li class="""">Exynos 1330, Octa Core Processor</li>","<li class="""">4 GB RAM, 128 GB inbuilt</li>","<li class="""">6000 mAh Battery with 25W Fast Charging</li>","<li class="""">6.6 inches, 2408 x 1080 px Display with Water Drop Notch</li>","<li class="""">50 MP + 2 MP Dual Rear &amp; 13 MP Front Camera</li>","<li class="""">Memory Card Supported, upto 1 TB</li>","<li class="""">Android v13</li>"
131,Realme GT Neo 3 5G (12GB RAM + 256GB),"<img alt=""Realme GT Neo 3 5G (12GB RAM + 256GB)"" class=""sm-img"" loading=""lazy"" src=""https://cdn1.smartprix.com/rx-ibjAw0Ywk-w280-h280/realme-gt-neo-3-5g-1.webp""/>","₹22,999",84,"<li class="""">Dual Sim, 3G, 4G, 5G, VoLTE, Wi-Fi, NFC</li>","<li class="""">Dimensity  8100, Octa Core, 2.85 GHz Processor</li>","<li class="""">12 GB RAM, 256 GB inbuilt</li>","<li class="""">4500 mAh Battery with 150W Fast Charging</li>","<li class="""">6.7 inches, 1080 x 2412 px, 120 Hz Display with Punch Hole</li>","<li class="""">50 MP + 8 MP + 2 MP Triple Rear &amp; 16 MP Front Camera</li>","<li class="""">Android v12</li>",
132,Vivo Y200 5G,"<img alt=""Vivo Y200 5G"" class=""sm-img"" loading=""lazy"" src=""https://cdn1.smartprix.com/rx-ihN0gxP1M-w280-h280/vivo-y200-5g.webp""/>","₹21,999",81,"<li class="""">Dual Sim, 3G, 4G, 5G, VoLTE, Wi-Fi</li>","<li class="""">Snapdragon 4 Gen1, Octa Core, 2 GHz Processor</li>","<li class="""">8 GB RAM, 128 GB inbuilt</li>","<li class="""">4800 mAh Battery with 44W Fast Charging</li>","<li class="""">6.67 inches, 1080 x 2400 px, 120 Hz Display with Punch Hole</li>","<li class="""">64 MP + 2 MP Dual Rear &amp; 16 MP Front Camera</li>","<li class="""">Memory Card (Hybrid), upto 2 TB</li>","<li class="""">Android v13</li>"
133,OPPO A79 5G,"<img alt=""OPPO A79 5G"" class=""sm-img"" loading=""lazy"" src=""https://cdn1.smartprix.com/rx-iRXWANSv6-w280-h280/oppo-a79-5g.webp""/>","₹17,499",80,"<li class="""">Dual Sim, 3G, 4G, 5G, VoLTE, Wi-Fi</li>","<li class="""">Dimensity 6020, Octa Core, 2.2 GHz Processor</li>","<li class="""">8 GB RAM, 128 GB inbuilt</li>","<li class="""">5000 mAh Battery with 33W Fast Charging</li>","<li class="""">6.72 inches, 1080 x 2400 px, 90 Hz Display with Punch Hole</li>","<li class="""">50 MP + 2 MP Dual Rear &amp; 8 MP Front Camera</li>","<li class="""">Memory Card Supported, upto 1 TB</li>","<li class="""">Android v13</li>"
134,Samsung Galaxy S22 Ultra 5G,"<img alt=""Samsung Galaxy S22 Ultra 5G"" class=""sm-img"" loading=""lazy"" src=""https://cdn1.smartprix.com/rx-izOADfKsq-w280-h280/samsung-galaxy-s22-u.webp""/>","₹77,999",93,"<li class="""">Dual Sim, 3G, 4G, 5G, VoLTE, Vo5G, Wi-Fi, NFC</li>","<li class="""">Snapdragon  8 Gen1, Octa Core, 3 GHz Processor</li>","<li class="""">12 GB RAM, 256 GB inbuilt</li>","<li class="""">5000 mAh Battery with 45W Fast Charging</li>","<li class="""">6.8 inches, 1440 x 3080 px, 120 Hz Display with Punch Hole</li>","<li class="""">108 MP Quad Rear &amp; 40 MP Front Camera</li>","<li class="""">Android v12</li>","<li class="""">Bluetooth</li>"
135,Vivo V30 5G (12GB RAM + 256GB),"<img alt=""Vivo V30 5G (12GB RAM + 256GB)"" class=""sm-img"" loading=""lazy"" src=""https://cdn1.smartprix.com/rx-ihtJLICRr-w280-h280/vivo-v30-5g-12gb-ram.webp""/>","₹37,500",88,"<li class="""">Dual Sim, 3G, 4G, 5G, VoLTE, Wi-Fi</li>","<li class="""">Snapdragon 7 Gen3, Octa Core, 2.63 GHz Processor</li>","<li class="""">12 GB RAM, 256 GB inbuilt</li>","<li class="""">5000 mAh Battery with 80W Fast Charging</li>","<li class="""">6.78 inches, 1260 x 2800 px, 120 Hz Display with Punch Hole</li>","<li class="""">50 MP + 50 MP Dual Rear &amp; 50 MP Front Camera</li>","<li class="""">Memory Card Supported</li>","<li class="""">Android v14</li>"
136,OPPO Reno 11 (8GB RAM + 256GB),"<img alt=""OPPO Reno 11 (8GB RAM + 256GB)"" class=""sm-img"" loading=""lazy"" src=""https://cdn1.smartprix.com/rx-iwP9VZHeo-w280-h280/oppo-reno-11-8gb-ram.webp""/>","₹29,999",89,"<li class="""">Dual Sim, 3G, 4G, 5G, VoLTE, Wi-Fi, NFC, IR Blaster</li>","<li class="""">Dimensity 7050, Octa Core, 2.6 GHz Processor</li>","<li class="""">8 GB RAM, 256 GB inbuilt</li>","<li class="""">5000 mAh Battery with 67W Fast Charging</li>","<li class="""">6.7 inches, 1080 x 2412 px, 120 Hz Display with Punch Hole</li>","<li class="""">50 MP + 32 MP + 8 MP Triple Rear &amp; 32 MP Front Camera</li>","<li class="""">Memory Card (Hybrid), upto 2 TB</li>","<li class="""">Android v14</li>"
137,Xiaomi Redmi Note 13 5G (12GB RAM + 256GB),"<img alt=""Xiaomi Redmi Note 13 5G (12GB RAM + 256GB)"" class=""sm-img"" loading=""lazy"" src=""https://cdn1.smartprix.com/rx-iJNcH3ksl-w280-h280/xiaomi-redmi-note-13.webp""/>","₹21,090",85,"<li class="""">Dual Sim, 3G, 4G, 5G, VoLTE, Vo5G, Wi-Fi, IR Blaster</li>","<li class="""">Dimensity 6080, Octa Core, 2.4 GHz Processor</li>","<li class="""">12 GB RAM, 256 GB inbuilt</li>","<li class="""">5000 mAh Battery with 33W Fast Charging</li>","<li class="""">6.67 inches, 1080 x 2400 px, 120 Hz Display with Punch Hole</li>","<li class="""">108 MP + 8 MP + 2 MP Triple Rear &amp; 16 MP Front Camera</li>","<li class="""">Memory Card Supported, upto 1 TB</li>","<li class="""">Android v13</li>"
138,Motorola Moto G32 (8GB RAM + 128GB),"<img alt=""Motorola Moto G32 (8GB RAM + 128GB)"" class=""sm-img"" loading=""lazy"" src=""https://cdn1.smartprix.com/rx-isJOg0oBW-w280-h280/motorola-moto-g32-8g.webp""/>","₹9,999",80,"<li class="""">Dual Sim, 3G, 4G, VoLTE, Wi-Fi</li>","<li class="""">Snapdragon 680, Octa Core, 2.4 GHz Processor</li>","<li class="""">8 GB RAM, 128 GB inbuilt</li>","<li class="""">5000 mAh Battery with 33W Fast Charging</li>","<li class="""">6.55 inches, 1080 x 2400 px, 90 Hz Display with Punch Hole</li>","<li class="""">50 MP + 8 MP + 2 MP Triple Rear &amp; 16 MP Front Camera</li>","<li class="""">Memory Card (Hybrid), upto 1 TB</li>","<li class="""">Android v12</li>"
139,Samsung Galaxy A54 5G,"<img alt=""Samsung Galaxy A54 5G"" class=""sm-img"" loading=""lazy"" src=""https://cdn1.smartprix.com/rx-i16bosVzl-w280-h280/samsung-galaxy-a54-5.webp""/>","₹31,499",88,"<li class="""">Dual Sim, 3G, 4G, 5G, VoLTE, Wi-Fi, NFC</li>","<li class="""">Exynos 1380, Octa Core, 2.4 GHz Processor</li>","<li class="""">8 GB RAM, 128 GB inbuilt</li>","<li class="""">5000 mAh Battery with 25W Fast Charging</li>","<li class="""">6.4 inches, 1080 x 2340 px, 120 Hz Display with Punch Hole</li>","<li class="""">50 MP + 12 MP + 5 MP Triple Rear &amp; 32 MP Front Camera</li>","<li class="""">Memory Card (Hybrid), upto 1 TB</li>","<li class="""">Android v13</li>"
